registry,object_id,status,developer,object_name,address,okrug,district,year,lat,lon,coord_source,precision
rv,HH3387-01-0002-001,Введено,КП УГС,Здание полиции,,,,2019.0,,,,
rv,rv_5661,Введено,ФИЗИЧЕСКИЕ ЛИЦА,,,,,2020.0,,,,
rv,rv_5706,Введено,ФИЗИЧЕСКИЕ ЛИЦА,,,,,2020.0,,,,
rv,rv_5788,Введено,ФИЗИЧЕСКИЕ ЛИЦА,,,,,2020.0,,,,
rv,rv_5841,Введено,ФИЗИЧЕСКИЕ ЛИЦА,,,,,2020.0,,,,
rv,rv_5862,Введено,ФИЗИЧЕСКИЕ ЛИЦА,,,,,2020.0,,,,
rv,rv_5909,Введено,ФИЗИЧЕСКИЕ ЛИЦА,,,,,2020.0,,,,
rv,rv_5936,Введено,ФИЗИЧЕСКИЕ ЛИЦА,,,,,2020.0,,,,
rv,rv_5989,Введено,ФИЗИЧЕСКИЕ ЛИЦА,,,,,2020.0,,,,
rv,rv_6041,Введено,ФИЗИЧЕСКИЕ ЛИЦА,,,,,2020.0,,,,
rv,rv_6133,Введено,ФИЗИЧЕСКИЕ ЛИЦА,,,,,2020.0,,,,
rv,rv_6201,Введено,ФИЗИЧЕСКИЕ ЛИЦА,,,,,2020.0,,,,
rv,rv_6360,Введено,ФИЗИЧЕСКИЕ ЛИЦА,,,,,2020.0,,,,
rv,rv_6420,Введено,ФИЗИЧЕСКИЕ ЛИЦА,,,,,2019.0,,,,
rv,rv_6481,Введено,ФИЗИЧЕСКИЕ ЛИЦА,,,,,2019.0,,,,
rv,rv_6527,Введено,ФИЗИЧЕСКИЕ ЛИЦА,,,,,2019.0,,,,
rv,rv_6570,Введено,ФИЗИЧЕСКИЕ ЛИЦА,,,,,2019.0,,,,
rv,rv_6602,Введено,ФИЗИЧЕСКИЕ ЛИЦА,,,,,2019.0,,,,
rv,rv_6679,Введено,ФИЗИЧЕСКИЕ ЛИЦА,,,,,2019.0,,,,
rv,rv_6767,Введено,ФИЗИЧЕСКИЕ ЛИЦА,,,,,2019.0,,,,
rv,rv_6824,Введено,ФИЗИЧЕСКИЕ ЛИЦА,,,,,2019.0,,,,
rv,rv_6900,Введено,ФИЗИЧЕСКИЕ ЛИЦА,,,,,2018.0,,,,
rv,rv_6906,Введено,ФИЗИЧЕСКИЕ ЛИЦА,,,,,2018.0,,,,
rv,rv_6947,Введено,ФИЗИЧЕСКИЕ ЛИЦА,,,,,2017.0,,,,
rv,rv_6969,Введено,ФИЗИЧЕСКИЕ ЛИЦА,,,,,2017.0,,,,
rv,rv_6998,Введено,ФИЗИЧЕСКИЕ ЛИЦА,,,,,2017.0,,,,
rv,rv_7034,Введено,ФИЗИЧЕСКИЕ ЛИЦА,,,,,2017.0,,,,
rv,rv_7058,Введено,ФИЗИЧЕСКИЕ ЛИЦА,,,,,2017.0,,,,
rv,rv_7083,Введено,ФИЗИЧЕСКИЕ ЛИЦА,,,,,2017.0,,,,
oks,oks_4195,Строится,,,,,,,,,,
oks,oks_4196,Строится,,,,,,,,,,
oks,oks_4197,Строится,,,,,,,,,,
oks,oks_4198,Строится,,,,,,,,,,
oks,oks_4199,Строится,,,,,,,,,,
oks,oks_4200,Строится,,,,,,,,,,
oks,oks_4201,Строится,,,,,,,,,,
oks,oks_4202,Строится,,,,,,,,,,
oks,oks_4203,Строится,,,,,,,,,,
oks,oks_4204,Строится,,,,,,,,,,
oks,oks_4205,Строится,,,,,,,,,,
oks,oks_4206,Строится,,,,,,,,,,
oks,oks_4207,Строится,,,,,,,,,,
oks,oks_4208,Строится,,,,,,,,,,
oks,oks_4209,Строится,,,,,,,,,,
oks,oks_4210,Строится,,,,,,,,,,
oks,oks_4211,Строится,,,,,,,,,,
oks,oks_4212,Строится,,,,,,,,,,
oks,oks_4213,Строится,,,,,,,,,,
oks,oks_4214,Строится,,,,,,,,,,
oks,oks_4215,Строится,,,,,,,,,,
oks,oks_4216,Строится,,,,,,,,,,
oks,oks_4217,Строится,,,,,,,,,,
oks,oks_4218,Строится,,,,,,,,,,
oks,oks_4219,Строится,,,,,,,,,,
oks,oks_4220,Строится,,,,,,,,,,
oks,oks_4221,Строится,,,,,,,,,,
oks,oks_4222,Строится,,,,,,,,,,
oks,oks_4223,Строится,,,,,,,,,,
oks,oks_4224,Строится,,,,,,,,,,
oks,oks_4225,Строится,,,,,,,,,,
oks,oks_4226,Строится,,,,,,,,,,
oks,oks_4227,Строится,,,,,,,,,,
oks,oks_4228,Строится,,,,,,,,,,
oks,oks_4229,Строится,,,,,,,,,,
oks,oks_4230,Строится,,,,,,,,,,
oks,oks_4231,Строится,,,,,,,,,,
oks,oks_4232,Строится,,,,,,,,,,
oks,oks_4233,Строится,,,,,,,,,,
oks,oks_4234,Строится,,,,,,,,,,
oks,oks_4235,Строится,,,,,,,,,,
oks,oks_4236,Строится,,,,,,,,,,
oks,oks_4237,Строится,,,,,,,,,,
oks,oks_4238,Строится,,,,,,,,,,
oks,oks_4239,Строится,,,,,,,,,,
oks,oks_4240,Строится,,,,,,,,,,
oks,oks_4241,Строится,,,,,,,,,,
oks,oks_4242,Строится,,,,,,,,,,
oks,oks_4243,Строится,,,,,,,,,,
oks,oks_4244,Строится,,,,,,,,,,
oks,oks_4245,Строится,,,,,,,,,,
oks,oks_4246,Строится,,,,,,,,,,
oks,oks_4247,Строится,,,,,,,,,,
oks,oks_4248,Строится,,,,,,,,,,
oks,oks_4249,Строится,,,,,,,,,,
oks,oks_4250,Строится,,,,,,,,,,
oks,oks_4251,Строится,,,,,,,,,,
oks,oks_4252,Строится,,,,,,,,,,
oks,oks_4253,Строится,,,,,,,,,,
oks,oks_4254,Строится,,,,,,,,,,
oks,oks_4255,Строится,,,,,,,,,,
oks,oks_4256,Строится,,,,,,,,,,
oks,oks_4257,Строится,,,,,,,,,,
oks,oks_4258,Строится,,,,,,,,,,
oks,oks_4259,Строится,,,,,,,,,,
oks,oks_4260,Строится,,,,,,,,,,
oks,oks_4261,Строится,,,,,,,,,,
oks,oks_4262,Строится,,,,,,,,,,
oks,oks_4263,Строится,,,,,,,,,,
oks,oks_4264,Строится,,,,,,,,,,
oks,oks_4265,Строится,,,,,,,,,,
oks,oks_4266,Строится,,,,,,,,,,
oks,oks_4267,Строится,,,,,,,,,,
oks,oks_4268,Строится,,,,,,,,,,
oks,oks_4269,Строится,,,,,,,,,,
oks,oks_4270,Строится,,,,,,,,,,
oks,oks_4271,Строится,,,,,,,,,,
oks,oks_4272,Строится,,,,,,,,,,
oks,oks_4273,Строится,,,,,,,,,,
oks,oks_4274,Строится,,,,,,,,,,
oks,oks_4275,Строится,,,,,,,,,,
oks,oks_4276,Строится,,,,,,,,,,
oks,oks_4277,Строится,,,,,,,,,,
oks,oks_4278,Строится,,,,,,,,,,
oks,oks_4279,Строится,,,,,,,,,,
oks,oks_4280,Строится,,,,,,,,,,
oks,oks_4281,Строится,,,,,,,,,,
oks,oks_4282,Строится,,,,,,,,,,
oks,oks_4283,Строится,,,,,,,,,,
oks,oks_4284,Строится,,,,,,,,,,
oks,oks_4285,Строится,,,,,,,,,,
oks,oks_4286,Строится,,,,,,,,,,
oks,oks_4287,Строится,,,,,,,,,,
oks,oks_4288,Строится,,,,,,,,,,
oks,oks_4289,Строится,,,,,,,,,,
oks,oks_4290,Строится,,,,,,,,,,
oks,oks_4291,Строится,,,,,,,,,,
oks,oks_4292,Строится,,,,,,,,,,
oks,oks_4293,Строится,,,,,,,,,,
oks,oks_4294,Строится,,,,,,,,,,
oks,oks_4295,Строится,,,,,,,,,,
oks,oks_4296,Строится,,,,,,,,,,
oks,oks_4297,Строится,,,,,,,,,,
oks,oks_4298,Строится,,,,,,,,,,
oks,oks_4299,Строится,,,,,,,,,,
oks,oks_4300,Строится,,,,,,,,,,
oks,oks_4301,Строится,,,,,,,,,,
oks,oks_4302,Строится,,,,,,,,,,
oks,oks_4303,Строится,,,,,,,,,,
oks,oks_4304,Строится,,,,,,,,,,
oks,oks_4305,Строится,,,,,,,,,,
oks,oks_4306,Строится,,,,,,,,,,
oks,oks_4307,Строится,,,,,,,,,,
oks,oks_4308,Строится,,,,,,,,,,
oks,oks_4309,Строится,,,,,,,,,,
oks,oks_4310,Строится,,,,,,,,,,
oks,oks_4311,Строится,,,,,,,,,,
oks,oks_4312,Строится,,,,,,,,,,
oks,oks_4313,Строится,,,,,,,,,,
oks,oks_4314,Строится,,,,,,,,,,
oks,oks_4315,Строится,,,,,,,,,,
oks,oks_4316,Строится,,,,,,,,,,
oks,oks_4317,Строится,,,,,,,,,,
oks,oks_4318,Строится,,,,,,,,,,
oks,oks_4319,Строится,,,,,,,,,,
oks,oks_4320,Строится,,,,,,,,,,
oks,oks_4321,Строится,,,,,,,,,,
oks,oks_4322,Строится,,,,,,,,,,
oks,oks_4323,Строится,,,,,,,,,,
oks,oks_4324,Строится,,,,,,,,,,
oks,oks_4325,Строится,,,,,,,,,,
oks,oks_4326,Строится,,,,,,,,,,
oks,oks_4327,Строится,,,,,,,,,,
oks,oks_4328,Строится,,,,,,,,,,
oks,oks_4329,Строится,,,,,,,,,,
oks,oks_4330,Строится,,,,,,,,,,
oks,oks_4331,Строится,,,,,,,,,,
oks,oks_4332,Строится,,,,,,,,,,
oks,oks_4333,Строится,,,,,,,,,,
oks,oks_4334,Строится,,,,,,,,,,
oks,oks_4335,Строится,,,,,,,,,,
oks,oks_4336,Строится,,,,,,,,,,
oks,oks_4337,Строится,,,,,,,,,,
oks,oks_4338,Строится,,,,,,,,,,
oks,oks_4339,Строится,,,,,,,,,,
oks,oks_4340,Строится,,,,,,,,,,
oks,oks_4341,Строится,,,,,,,,,,
oks,oks_4342,Строится,,,,,,,,,,
oks,oks_4343,Строится,,,,,,,,,,
oks,oks_4344,Строится,,,,,,,,,,
oks,oks_4345,Строится,,,,,,,,,,
oks,oks_4346,Строится,,,,,,,,,,
oks,oks_4347,Строится,,,,,,,,,,
oks,oks_4348,Строится,,,,,,,,,,
oks,oks_4349,Строится,,,,,,,,,,
oks,oks_4350,Строится,,,,,,,,,,
oks,oks_4351,Строится,,,,,,,,,,
oks,oks_4352,Строится,,,,,,,,,,
oks,oks_4353,Строится,,,,,,,,,,
oks,oks_4354,Строится,,,,,,,,,,
oks,oks_4355,Строится,,,,,,,,,,
oks,oks_4356,Строится,,,,,,,,,,
oks,oks_4357,Строится,,,,,,,,,,
oks,oks_4358,Строится,,,,,,,,,,
oks,oks_4359,Строится,,,,,,,,,,
oks,oks_4360,Строится,,,,,,,,,,
oks,oks_4361,Строится,,,,,,,,,,
oks,oks_4362,Строится,,,,,,,,,,
oks,oks_4363,Строится,,,,,,,,,,
oks,oks_4364,Строится,,,,,,,,,,
oks,oks_4365,Строится,,,,,,,,,,
oks,oks_4366,Строится,,,,,,,,,,
oks,oks_4367,Строится,,,,,,,,,,
oks,oks_4368,Строится,,,,,,,,,,
oks,oks_4369,Строится,,,,,,,,,,
oks,oks_4370,Строится,,,,,,,,,,
oks,oks_4371,Строится,,,,,,,,,,
oks,oks_4372,Строится,,,,,,,,,,
oks,oks_4373,Строится,,,,,,,,,,
oks,oks_4374,Строится,,,,,,,,,,
oks,oks_4375,Строится,,,,,,,,,,
oks,oks_4376,Строится,,,,,,,,,,
oks,oks_4377,Строится,,,,,,,,,,
oks,oks_4378,Строится,,,,,,,,,,
oks,oks_4379,Строится,,,,,,,,,,
oks,oks_4380,Строится,,,,,,,,,,
oks,oks_4381,Строится,,,,,,,,,,
oks,oks_4382,Строится,,,,,,,,,,
oks,oks_4383,Строится,,,,,,,,,,
oks,oks_4384,Строится,,,,,,,,,,
oks,oks_4385,Строится,,,,,,,,,,
oks,oks_4386,Строится,,,,,,,,,,
oks,oks_4387,Строится,,,,,,,,,,
oks,oks_4388,Строится,,,,,,,,,,
oks,oks_4389,Строится,,,,,,,,,,
oks,oks_4390,Строится,,,,,,,,,,
oks,oks_4391,Строится,,,,,,,,,,
oks,oks_4392,Строится,,,,,,,,,,
oks,oks_4393,Строится,,,,,,,,,,
oks,oks_4394,Строится,,,,,,,,,,
oks,oks_4395,Строится,,,,,,,,,,
oks,oks_4396,Строится,,,,,,,,,,
oks,oks_4397,Строится,,,,,,,,,,
oks,oks_4398,Строится,,,,,,,,,,
oks,oks_4399,Строится,,,,,,,,,,
oks,oks_4400,Строится,,,,,,,,,,
oks,oks_4401,Строится,,,,,,,,,,
oks,oks_4402,Строится,,,,,,,,,,
oks,oks_4403,Строится,,,,,,,,,,
oks,oks_4404,Строится,,,,,,,,,,
oks,oks_4405,Строится,,,,,,,,,,
oks,oks_4406,Строится,,,,,,,,,,
oks,oks_4407,Строится,,,,,,,,,,
oks,oks_4408,Строится,,,,,,,,,,
oks,oks_4409,Строится,,,,,,,,,,
oks,oks_4410,Строится,,,,,,,,,,
oks,oks_4411,Строится,,,,,,,,,,
oks,oks_4412,Строится,,,,,,,,,,
oks,oks_4413,Строится,,,,,,,,,,
oks,oks_4414,Строится,,,,,,,,,,
oks,oks_4415,Строится,,,,,,,,,,
oks,oks_4416,Строится,,,,,,,,,,
oks,oks_4417,Строится,,,,,,,,,,
oks,oks_4418,Строится,,,,,,,,,,
oks,oks_4419,Строится,,,,,,,,,,
oks,oks_4420,Строится,,,,,,,,,,
oks,oks_4421,Строится,,,,,,,,,,
oks,oks_4422,Строится,,,,,,,,,,
oks,oks_4423,Строится,,,,,,,,,,
oks,oks_4424,Строится,,,,,,,,,,
oks,oks_4425,Строится,,,,,,,,,,
oks,oks_4426,Строится,,,,,,,,,,
oks,oks_4427,Строится,,,,,,,,,,
oks,oks_4428,Строится,,,,,,,,,,
oks,oks_4429,Строится,,,,,,,,,,
oks,oks_4430,Строится,,,,,,,,,,
oks,oks_4431,Строится,,,,,,,,,,
oks,oks_4432,Строится,,,,,,,,,,
oks,oks_4433,Строится,,,,,,,,,,
oks,oks_4434,Строится,,,,,,,,,,
oks,oks_4435,Строится,,,,,,,,,,
oks,oks_4436,Строится,,,,,,,,,,
oks,oks_4437,Строится,,,,,,,,,,
oks,oks_4438,Строится,,,,,,,,,,
oks,oks_4439,Строится,,,,,,,,,,
oks,oks_4440,Строится,,,,,,,,,,
oks,oks_4441,Строится,,,,,,,,,,
oks,oks_4442,Строится,,,,,,,,,,
oks,oks_4443,Строится,,,,,,,,,,
oks,oks_4444,Строится,,,,,,,,,,
oks,oks_4445,Строится,,,,,,,,,,
oks,oks_4446,Строится,,,,,,,,,,
oks,oks_4447,Строится,,,,,,,,,,
oks,oks_4448,Строится,,,,,,,,,,
oks,oks_4449,Строится,,,,,,,,,,
oks,oks_4450,Строится,,,,,,,,,,
oks,oks_4451,Строится,,,,,,,,,,
oks,oks_4452,Строится,,,,,,,,,,
oks,oks_4453,Строится,,,,,,,,,,
oks,oks_4454,Строится,,,,,,,,,,
oks,oks_4455,Строится,,,,,,,,,,
oks,oks_4456,Строится,,,,,,,,,,
oks,oks_4457,Строится,,,,,,,,,,
oks,oks_4458,Строится,,,,,,,,,,
oks,oks_4459,Строится,,,,,,,,,,
oks,oks_4460,Строится,,,,,,,,,,
oks,oks_4461,Строится,,,,,,,,,,
oks,oks_4462,Строится,,,,,,,,,,
oks,oks_4463,Строится,,,,,,,,,,
oks,oks_4464,Строится,,,,,,,,,,
oks,oks_4465,Строится,,,,,,,,,,
oks,oks_4466,Строится,,,,,,,,,,
oks,oks_4467,Строится,,,,,,,,,,
oks,oks_4468,Строится,,,,,,,,,,
oks,oks_4469,Строится,,,,,,,,,,
oks,oks_4470,Строится,,,,,,,,,,
oks,oks_4471,Строится,,,,,,,,,,
oks,oks_4472,Строится,,,,,,,,,,
oks,oks_4473,Строится,,,,,,,,,,
oks,oks_4474,Строится,,,,,,,,,,
oks,oks_4475,Строится,,,,,,,,,,
oks,oks_4476,Строится,,,,,,,,,,
oks,oks_4477,Строится,,,,,,,,,,
oks,oks_4478,Строится,,,,,,,,,,
oks,oks_4479,Строится,,,,,,,,,,
oks,oks_4480,Строится,,,,,,,,,,
oks,oks_4481,Строится,,,,,,,,,,
oks,oks_4482,Строится,,,,,,,,,,
oks,oks_4483,Строится,,,,,,,,,,
oks,oks_4484,Строится,,,,,,,,,,
oks,oks_4485,Строится,,,,,,,,,,
oks,oks_4486,Строится,,,,,,,,,,
oks,oks_4487,Строится,,,,,,,,,,
oks,oks_4488,Строится,,,,,,,,,,
oks,oks_4489,Строится,,,,,,,,,,
oks,oks_4490,Строится,,,,,,,,,,
oks,oks_4491,Строится,,,,,,,,,,
oks,oks_4492,Строится,,,,,,,,,,
oks,oks_4493,Строится,,,,,,,,,,
oks,oks_4494,Строится,,,,,,,,,,
oks,oks_4495,Строится,,,,,,,,,,
oks,oks_4496,Строится,,,,,,,,,,
oks,oks_4497,Строится,,,,,,,,,,
oks,oks_4498,Строится,,,,,,,,,,
oks,oks_4499,Строится,,,,,,,,,,
oks,oks_4500,Строится,,,,,,,,,,
oks,oks_4501,Строится,,,,,,,,,,
oks,oks_4502,Строится,,,,,,,,,,
oks,oks_4503,Строится,,,,,,,,,,
oks,oks_4504,Строится,,,,,,,,,,
oks,oks_4505,Строится,,,,,,,,,,
oks,oks_4506,Строится,,,,,,,,,,
oks,oks_4507,Строится,,,,,,,,,,
oks,oks_4508,Строится,,,,,,,,,,
oks,oks_4509,Строится,,,,,,,,,,
oks,oks_4510,Строится,,,,,,,,,,
oks,oks_4511,Строится,,,,,,,,,,
oks,oks_4512,Строится,,,,,,,,,,
oks,oks_4513,Строится,,,,,,,,,,
oks,oks_4514,Строится,,,,,,,,,,
oks,oks_4515,Строится,,,,,,,,,,
oks,oks_4516,Строится,,,,,,,,,,
oks,oks_4517,Строится,,,,,,,,,,
oks,oks_4518,Строится,,,,,,,,,,
oks,oks_4519,Строится,,,,,,,,,,
oks,oks_4520,Строится,,,,,,,,,,
oks,oks_4521,Строится,,,,,,,,,,
oks,oks_4522,Строится,,,,,,,,,,
oks,oks_4523,Строится,,,,,,,,,,
oks,oks_4524,Строится,,,,,,,,,,
oks,oks_4525,Строится,,,,,,,,,,
oks,oks_4526,Строится,,,,,,,,,,
oks,oks_4527,Строится,,,,,,,,,,
oks,oks_4528,Строится,,,,,,,,,,
oks,oks_4529,Строится,,,,,,,,,,
oks,oks_4530,Строится,,,,,,,,,,
oks,oks_4531,Строится,,,,,,,,,,
oks,oks_4532,Строится,,,,,,,,,,
oks,oks_4533,Строится,,,,,,,,,,
oks,oks_4534,Строится,,,,,,,,,,
oks,oks_4535,Строится,,,,,,,,,,
oks,oks_4536,Строится,,,,,,,,,,
oks,oks_4537,Строится,,,,,,,,,,
oks,oks_4538,Строится,,,,,,,,,,
oks,oks_4539,Строится,,,,,,,,,,
oks,oks_4540,Строится,,,,,,,,,,
oks,oks_4541,Строится,,,,,,,,,,
oks,oks_4542,Строится,,,,,,,,,,
oks,oks_4543,Строится,,,,,,,,,,
oks,oks_4544,Строится,,,,,,,,,,
oks,oks_4545,Строится,,,,,,,,,,
oks,oks_4546,Строится,,,,,,,,,,
oks,oks_4547,Строится,,,,,,,,,,
oks,oks_4548,Строится,,,,,,,,,,
oks,oks_4549,Строится,,,,,,,,,,
oks,oks_4550,Строится,,,,,,,,,,
oks,oks_4551,Строится,,,,,,,,,,
oks,oks_4552,Строится,,,,,,,,,,
oks,oks_4553,Строится,,,,,,,,,,
oks,oks_4554,Строится,,,,,,,,,,
oks,oks_4555,Строится,,,,,,,,,,
oks,oks_4556,Строится,,,,,,,,,,
oks,oks_4557,Строится,,,,,,,,,,
oks,oks_4558,Строится,,,,,,,,,,
oks,oks_4559,Строится,,,,,,,,,,
oks,oks_4560,Строится,,,,,,,,,,
oks,oks_4561,Строится,,,,,,,,,,
oks,oks_4562,Строится,,,,,,,,,,
oks,oks_4563,Строится,,,,,,,,,,
oks,oks_4564,Строится,,,,,,,,,,
oks,oks_4565,Строится,,,,,,,,,,
oks,oks_4566,Строится,,,,,,,,,,
oks,oks_4567,Строится,,,,,,,,,,
oks,oks_4568,Строится,,,,,,,,,,
oks,oks_4569,Строится,,,,,,,,,,
oks,oks_4570,Строится,,,,,,,,,,
oks,oks_4571,Строится,,,,,,,,,,
oks,oks_4572,Строится,,,,,,,,,,
oks,oks_4573,Строится,,,,,,,,,,
oks,oks_4574,Строится,,,,,,,,,,
oks,oks_4575,Строится,,,,,,,,,,
oks,oks_4576,Строится,,,,,,,,,,
oks,oks_4577,Строится,,,,,,,,,,
oks,oks_4578,Строится,,,,,,,,,,
oks,oks_4579,Строится,,,,,,,,,,
oks,oks_4580,Строится,,,,,,,,,,
oks,oks_4581,Строится,,,,,,,,,,
oks,oks_4582,Строится,,,,,,,,,,
oks,oks_4583,Строится,,,,,,,,,,
oks,oks_4584,Строится,,,,,,,,,,
oks,oks_4585,Строится,,,,,,,,,,
oks,oks_4586,Строится,,,,,,,,,,
oks,oks_4587,Строится,,,,,,,,,,
oks,oks_4588,Строится,,,,,,,,,,
oks,oks_4589,Строится,,,,,,,,,,
oks,oks_4590,Строится,,,,,,,,,,
oks,oks_4591,Строится,,,,,,,,,,
oks,oks_4592,Строится,,,,,,,,,,
oks,oks_4593,Строится,,,,,,,,,,
oks,oks_4594,Строится,,,,,,,,,,
oks,oks_4595,Строится,,,,,,,,,,
oks,oks_4596,Строится,,,,,,,,,,
oks,oks_4597,Строится,,,,,,,,,,
oks,oks_4598,Строится,,,,,,,,,,
oks,oks_4599,Строится,,,,,,,,,,
oks,oks_4600,Строится,,,,,,,,,,
oks,oks_4601,Строится,,,,,,,,,,
oks,oks_4602,Строится,,,,,,,,,,
oks,oks_4603,Строится,,,,,,,,,,
oks,oks_4604,Строится,,,,,,,,,,
oks,oks_4605,Строится,,,,,,,,,,
oks,oks_4606,Строится,,,,,,,,,,
oks,oks_4607,Строится,,,,,,,,,,
oks,oks_4608,Строится,,,,,,,,,,
oks,oks_4609,Строится,,,,,,,,,,
oks,oks_4610,Строится,,,,,,,,,,
oks,oks_4611,Строится,,,,,,,,,,
oks,oks_4612,Строится,,,,,,,,,,
oks,oks_4613,Строится,,,,,,,,,,
oks,oks_4614,Строится,,,,,,,,,,
oks,oks_4615,Строится,,,,,,,,,,
oks,oks_4616,Строится,,,,,,,,,,
oks,oks_4617,Строится,,,,,,,,,,
oks,oks_4618,Строится,,,,,,,,,,
oks,oks_4619,Строится,,,,,,,,,,
oks,oks_4620,Строится,,,,,,,,,,
oks,oks_4621,Строится,,,,,,,,,,
oks,oks_4622,Строится,,,,,,,,,,
oks,oks_4623,Строится,,,,,,,,,,
oks,oks_4624,Строится,,,,,,,,,,
oks,oks_4625,Строится,,,,,,,,,,
oks,oks_4626,Строится,,,,,,,,,,
oks,oks_4627,Строится,,,,,,,,,,
oks,oks_4628,Строится,,,,,,,,,,
oks,oks_4629,Строится,,,,,,,,,,
oks,oks_4630,Строится,,,,,,,,,,
oks,oks_4631,Строится,,,,,,,,,,
oks,oks_4632,Строится,,,,,,,,,,
oks,oks_4633,Строится,,,,,,,,,,
oks,oks_4634,Строится,,,,,,,,,,
oks,oks_4635,Строится,,,,,,,,,,
oks,oks_4636,Строится,,,,,,,,,,
oks,oks_4637,Строится,,,,,,,,,,
oks,oks_4638,Строится,,,,,,,,,,
oks,oks_4639,Строится,,,,,,,,,,
oks,oks_4640,Строится,,,,,,,,,,
oks,oks_4641,Строится,,,,,,,,,,
oks,oks_4642,Строится,,,,,,,,,,
oks,oks_4643,Строится,,,,,,,,,,
oks,oks_4644,Строится,,,,,,,,,,
oks,oks_4645,Строится,,,,,,,,,,
oks,oks_4646,Строится,,,,,,,,,,
oks,oks_4647,Строится,,,,,,,,,,
oks,oks_4648,Строится,,,,,,,,,,
oks,oks_4649,Строится,,,,,,,,,,
oks,oks_4650,Строится,,,,,,,,,,
oks,oks_4651,Строится,,,,,,,,,,
oks,oks_4652,Строится,,,,,,,,,,
oks,oks_4653,Строится,,,,,,,,,,
oks,oks_4654,Строится,,,,,,,,,,
oks,oks_4655,Строится,,,,,,,,,,
oks,oks_4656,Строится,,,,,,,,,,
oks,oks_4657,Строится,,,,,,,,,,
oks,oks_4658,Строится,,,,,,,,,,
oks,oks_4659,Строится,,,,,,,,,,
oks,oks_4660,Строится,,,,,,,,,,
oks,oks_4661,Строится,,,,,,,,,,
oks,oks_4662,Строится,,,,,,,,,,
oks,oks_4663,Строится,,,,,,,,,,
oks,oks_4664,Строится,,,,,,,,,,
oks,oks_4665,Строится,,,,,,,,,,
oks,oks_4666,Строится,,,,,,,,,,
oks,oks_4667,Строится,,,,,,,,,,
oks,oks_4668,Строится,,,,,,,,,,
oks,oks_4669,Строится,,,,,,,,,,
oks,oks_4670,Строится,,,,,,,,,,
oks,oks_4671,Строится,,,,,,,,,,
oks,oks_4672,Строится,,,,,,,,,,
oks,oks_4673,Строится,,,,,,,,,,
oks,oks_4674,Строится,,,,,,,,,,
oks,oks_4675,Строится,,,,,,,,,,
oks,oks_4676,Строится,,,,,,,,,,
oks,oks_4677,Строится,,,,,,,,,,
oks,oks_4678,Строится,,,,,,,,,,
oks,oks_4679,Строится,,,,,,,,,,
oks,oks_4680,Строится,,,,,,,,,,
oks,oks_4681,Строится,,,,,,,,,,
oks,oks_4682,Строится,,,,,,,,,,
oks,oks_4683,Строится,,,,,,,,,,
oks,oks_4684,Строится,,,,,,,,,,
oks,oks_4685,Строится,,,,,,,,,,
oks,oks_4686,Строится,,,,,,,,,,
oks,oks_4687,Строится,,,,,,,,,,
oks,oks_4688,Строится,,,,,,,,,,
oks,oks_4689,Строится,,,,,,,,,,
oks,oks_4690,Строится,,,,,,,,,,
oks,oks_4691,Строится,,,,,,,,,,
oks,oks_4692,Строится,,,,,,,,,,
oks,oks_4693,Строится,,,,,,,,,,
oks,oks_4694,Строится,,,,,,,,,,
oks,oks_4695,Строится,,,,,,,,,,
oks,oks_4696,Строится,,,,,,,,,,
oks,oks_4697,Строится,,,,,,,,,,
oks,oks_4698,Строится,,,,,,,,,,
oks,oks_4699,Строится,,,,,,,,,,
oks,oks_4700,Строится,,,,,,,,,,
oks,oks_4701,Строится,,,,,,,,,,
oks,oks_4702,Строится,,,,,,,,,,
oks,oks_4703,Строится,,,,,,,,,,
oks,oks_4704,Строится,,,,,,,,,,
oks,oks_4705,Строится,,,,,,,,,,
oks,oks_4706,Строится,,,,,,,,,,
oks,oks_4707,Строится,,,,,,,,,,
oks,oks_4708,Строится,,,,,,,,,,
oks,oks_4709,Строится,,,,,,,,,,
oks,oks_4710,Строится,,,,,,,,,,
oks,oks_4711,Строится,,,,,,,,,,
oks,oks_4712,Строится,,,,,,,,,,
oks,oks_4713,Строится,,,,,,,,,,
oks,oks_4714,Строится,,,,,,,,,,
oks,oks_4715,Строится,,,,,,,,,,
oks,oks_4716,Строится,,,,,,,,,,
oks,oks_4717,Строится,,,,,,,,,,
oks,oks_4718,Строится,,,,,,,,,,
oks,oks_4719,Строится,,,,,,,,,,
oks,oks_4720,Строится,,,,,,,,,,
oks,oks_4721,Строится,,,,,,,,,,
oks,oks_4722,Строится,,,,,,,,,,
oks,oks_4723,Строится,,,,,,,,,,
oks,oks_4724,Строится,,,,,,,,,,
oks,oks_4725,Строится,,,,,,,,,,
oks,oks_4726,Строится,,,,,,,,,,
oks,oks_4727,Строится,,,,,,,,,,
oks,oks_4728,Строится,,,,,,,,,,
oks,oks_4729,Строится,,,,,,,,,,
oks,oks_4730,Строится,,,,,,,,,,
oks,oks_4731,Строится,,,,,,,,,,
oks,oks_4732,Строится,,,,,,,,,,
oks,oks_4733,Строится,,,,,,,,,,
oks,oks_4734,Строится,,,,,,,,,,
oks,oks_4735,Строится,,,,,,,,,,
oks,oks_4736,Строится,,,,,,,,,,
oks,oks_4737,Строится,,,,,,,,,,
oks,oks_4738,Строится,,,,,,,,,,
oks,oks_4739,Строится,,,,,,,,,,
oks,oks_4740,Строится,,,,,,,,,,
oks,oks_4741,Строится,,,,,,,,,,
oks,oks_4742,Строится,,,,,,,,,,
oks,oks_4743,Строится,,,,,,,,,,
oks,oks_4744,Строится,,,,,,,,,,
oks,oks_4745,Строится,,,,,,,,,,
oks,oks_4746,Строится,,,,,,,,,,
oks,oks_4747,Строится,,,,,,,,,,
oks,oks_4748,Строится,,,,,,,,,,
oks,oks_4749,Строится,,,,,,,,,,
oks,oks_4750,Строится,,,,,,,,,,
oks,oks_4751,Строится,,,,,,,,,,
oks,oks_4752,Строится,,,,,,,,,,
oks,oks_4753,Строится,,,,,,,,,,
oks,oks_4754,Строится,,,,,,,,,,
oks,oks_4755,Строится,,,,,,,,,,
oks,oks_4756,Строится,,,,,,,,,,
oks,oks_4757,Строится,,,,,,,,,,
oks,oks_4758,Строится,,,,,,,,,,
oks,oks_4759,Строится,,,,,,,,,,
oks,oks_4760,Строится,,,,,,,,,,
oks,oks_4761,Строится,,,,,,,,,,
oks,oks_4762,Строится,,,,,,,,,,
oks,oks_4763,Строится,,,,,,,,,,
oks,oks_4764,Строится,,,,,,,,,,
oks,oks_4765,Строится,,,,,,,,,,
oks,oks_4766,Строится,,,,,,,,,,
oks,oks_4767,Строится,,,,,,,,,,
oks,oks_4768,Строится,,,,,,,,,,
oks,oks_4769,Строится,,,,,,,,,,
oks,oks_4770,Строится,,,,,,,,,,
oks,oks_4771,Строится,,,,,,,,,,
oks,oks_4772,Строится,,,,,,,,,,
oks,oks_4773,Строится,,,,,,,,,,
oks,oks_4774,Строится,,,,,,,,,,
oks,oks_4775,Строится,,,,,,,,,,
oks,oks_4776,Строится,,,,,,,,,,
oks,oks_4777,Строится,,,,,,,,,,
oks,oks_4778,Строится,,,,,,,,,,
oks,oks_4779,Строится,,,,,,,,,,
oks,oks_4780,Строится,,,,,,,,,,
oks,oks_4781,Строится,,,,,,,,,,
oks,oks_4782,Строится,,,,,,,,,,
oks,oks_4783,Строится,,,,,,,,,,
oks,oks_4784,Строится,,,,,,,,,,
oks,oks_4785,Строится,,,,,,,,,,
oks,oks_4786,Строится,,,,,,,,,,
oks,oks_4787,Строится,,,,,,,,,,
oks,oks_4788,Строится,,,,,,,,,,
oks,oks_4789,Строится,,,,,,,,,,
oks,oks_4790,Строится,,,,,,,,,,
oks,oks_4791,Строится,,,,,,,,,,
oks,oks_4792,Строится,,,,,,,,,,
oks,oks_4793,Строится,,,,,,,,,,
oks,oks_4794,Строится,,,,,,,,,,
oks,oks_4795,Строится,,,,,,,,,,
oks,oks_4796,Строится,,,,,,,,,,
oks,oks_4797,Строится,,,,,,,,,,
oks,oks_4798,Строится,,,,,,,,,,
oks,oks_4799,Строится,,,,,,,,,,
oks,oks_4800,Строится,,,,,,,,,,
oks,oks_4801,Строится,,,,,,,,,,
oks,oks_4802,Строится,,,,,,,,,,
oks,oks_4803,Строится,,,,,,,,,,
oks,oks_4804,Строится,,,,,,,,,,
oks,oks_4805,Строится,,,,,,,,,,
oks,oks_4806,Строится,,,,,,,,,,
oks,oks_4807,Строится,,,,,,,,,,
oks,oks_4808,Строится,,,,,,,,,,
oks,oks_4809,Строится,,,,,,,,,,
oks,oks_4810,Строится,,,,,,,,,,
oks,oks_4811,Строится,,,,,,,,,,
oks,oks_4812,Строится,,,,,,,,,,
oks,oks_4813,Строится,,,,,,,,,,
oks,oks_4814,Строится,,,,,,,,,,
oks,oks_4815,Строится,,,,,,,,,,
oks,oks_4816,Строится,,,,,,,,,,
oks,oks_4817,Строится,,,,,,,,,,
oks,oks_4818,Строится,,,,,,,,,,
oks,oks_4819,Строится,,,,,,,,,,
oks,oks_4820,Строится,,,,,,,,,,
oks,oks_4821,Строится,,,,,,,,,,
oks,oks_4822,Строится,,,,,,,,,,
oks,oks_4823,Строится,,,,,,,,,,
oks,oks_4824,Строится,,,,,,,,,,
oks,oks_4825,Строится,,,,,,,,,,
oks,oks_4826,Строится,,,,,,,,,,
oks,oks_4827,Строится,,,,,,,,,,
oks,oks_4828,Строится,,,,,,,,,,
oks,oks_4829,Строится,,,,,,,,,,
oks,oks_4830,Строится,,,,,,,,,,
oks,oks_4831,Строится,,,,,,,,,,
oks,oks_4832,Строится,,,,,,,,,,
oks,oks_4833,Строится,,,,,,,,,,
oks,oks_4834,Строится,,,,,,,,,,
oks,oks_4835,Строится,,,,,,,,,,
oks,oks_4836,Строится,,,,,,,,,,
oks,oks_4837,Строится,,,,,,,,,,
oks,oks_4838,Строится,,,,,,,,,,
oks,oks_4839,Строится,,,,,,,,,,
oks,oks_4840,Строится,,,,,,,,,,
oks,oks_4841,Строится,,,,,,,,,,
oks,oks_4842,Строится,,,,,,,,,,
oks,oks_4843,Строится,,,,,,,,,,
oks,oks_4844,Строится,,,,,,,,,,
oks,oks_4845,Строится,,,,,,,,,,
oks,oks_4846,Строится,,,,,,,,,,
oks,oks_4847,Строится,,,,,,,,,,
oks,oks_4848,Строится,,,,,,,,,,
oks,oks_4849,Строится,,,,,,,,,,
oks,oks_4850,Строится,,,,,,,,,,
oks,oks_4851,Строится,,,,,,,,,,
oks,oks_4852,Строится,,,,,,,,,,
oks,oks_4853,Строится,,,,,,,,,,
oks,oks_4854,Строится,,,,,,,,,,
oks,oks_4855,Строится,,,,,,,,,,
oks,oks_4856,Строится,,,,,,,,,,
oks,oks_4857,Строится,,,,,,,,,,
oks,oks_4858,Строится,,,,,,,,,,
oks,oks_4859,Строится,,,,,,,,,,
oks,oks_4860,Строится,,,,,,,,,,
oks,oks_4861,Строится,,,,,,,,,,
oks,oks_4862,Строится,,,,,,,,,,
oks,oks_4863,Строится,,,,,,,,,,
oks,oks_4864,Строится,,,,,,,,,,
oks,oks_4865,Строится,,,,,,,,,,
oks,oks_4866,Строится,,,,,,,,,,
oks,oks_4867,Строится,,,,,,,,,,
oks,oks_4868,Строится,,,,,,,,,,
oks,oks_4869,Строится,,,,,,,,,,
oks,oks_4870,Строится,,,,,,,,,,
oks,oks_4871,Строится,,,,,,,,,,
oks,oks_4872,Строится,,,,,,,,,,
oks,oks_4873,Строится,,,,,,,,,,
oks,oks_4874,Строится,,,,,,,,,,
oks,oks_4875,Строится,,,,,,,,,,
oks,oks_4876,Строится,,,,,,,,,,
oks,oks_4877,Строится,,,,,,,,,,
oks,oks_4878,Строится,,,,,,,,,,
oks,oks_4879,Строится,,,,,,,,,,
oks,oks_4880,Строится,,,,,,,,,,
oks,oks_4881,Строится,,,,,,,,,,
oks,oks_4882,Строится,,,,,,,,,,
oks,oks_4883,Строится,,,,,,,,,,
oks,oks_4884,Строится,,,,,,,,,,
oks,oks_4885,Строится,,,,,,,,,,
oks,oks_4886,Строится,,,,,,,,,,
oks,oks_4887,Строится,,,,,,,,,,
oks,oks_4888,Строится,,,,,,,,,,
oks,oks_4889,Строится,,,,,,,,,,
oks,oks_4890,Строится,,,,,,,,,,
oks,oks_4891,Строится,,,,,,,,,,
oks,oks_4892,Строится,,,,,,,,,,
oks,oks_4893,Строится,,,,,,,,,,
oks,oks_4894,Строится,,,,,,,,,,
oks,oks_4895,Строится,,,,,,,,,,
oks,oks_4896,Строится,,,,,,,,,,
oks,oks_4897,Строится,,,,,,,,,,
oks,oks_4898,Строится,,,,,,,,,,
oks,oks_4899,Строится,,,,,,,,,,
oks,oks_4900,Строится,,,,,,,,,,
oks,oks_4901,Строится,,,,,,,,,,
oks,oks_4902,Строится,,,,,,,,,,
oks,oks_4903,Строится,,,,,,,,,,
oks,oks_4904,Строится,,,,,,,,,,
oks,oks_4905,Строится,,,,,,,,,,
oks,oks_4906,Строится,,,,,,,,,,
oks,oks_4907,Строится,,,,,,,,,,
oks,oks_4908,Строится,,,,,,,,,,
oks,oks_4909,Строится,,,,,,,,,,
oks,oks_4910,Строится,,,,,,,,,,
oks,oks_4911,Строится,,,,,,,,,,
oks,oks_4912,Строится,,,,,,,,,,
oks,oks_4913,Строится,,,,,,,,,,
oks,oks_4914,Строится,,,,,,,,,,
oks,oks_4915,Строится,,,,,,,,,,
oks,oks_4916,Строится,,,,,,,,,,
oks,oks_4917,Строится,,,,,,,,,,
oks,oks_4918,Строится,,,,,,,,,,
oks,oks_4919,Строится,,,,,,,,,,
oks,oks_4920,Строится,,,,,,,,,,
oks,oks_4921,Строится,,,,,,,,,,
oks,oks_4922,Строится,,,,,,,,,,
oks,oks_4923,Строится,,,,,,,,,,
oks,oks_4924,Строится,,,,,,,,,,
oks,oks_4925,Строится,,,,,,,,,,
oks,oks_4926,Строится,,,,,,,,,,
oks,oks_4927,Строится,,,,,,,,,,
oks,oks_4928,Строится,,,,,,,,,,
oks,oks_4929,Строится,,,,,,,,,,
oks,oks_4930,Строится,,,,,,,,,,
oks,oks_4931,Строится,,,,,,,,,,
oks,oks_4932,Строится,,,,,,,,,,
oks,oks_4933,Строится,,,,,,,,,,
oks,oks_4934,Строится,,,,,,,,,,
oks,oks_4935,Строится,,,,,,,,,,
oks,oks_4936,Строится,,,,,,,,,,
oks,oks_4937,Строится,,,,,,,,,,
oks,oks_4938,Строится,,,,,,,,,,
oks,oks_4939,Строится,,,,,,,,,,
oks,oks_4940,Строится,,,,,,,,,,
oks,oks_4941,Строится,,,,,,,,,,
oks,oks_4942,Строится,,,,,,,,,,
oks,oks_4943,Строится,,,,,,,,,,
oks,oks_4944,Строится,,,,,,,,,,
oks,oks_4945,Строится,,,,,,,,,,
oks,oks_4946,Строится,,,,,,,,,,
oks,oks_4947,Строится,,,,,,,,,,
oks,oks_4948,Строится,,,,,,,,,,
oks,oks_4949,Строится,,,,,,,,,,
oks,oks_4950,Строится,,,,,,,,,,
oks,oks_4951,Строится,,,,,,,,,,
oks,oks_4952,Строится,,,,,,,,,,
oks,oks_4953,Строится,,,,,,,,,,
oks,oks_4954,Строится,,,,,,,,,,
oks,oks_4955,Строится,,,,,,,,,,
oks,oks_4956,Строится,,,,,,,,,,
oks,oks_4957,Строится,,,,,,,,,,
oks,oks_4958,Строится,,,,,,,,,,
oks,oks_4959,Строится,,,,,,,,,,
oks,oks_4960,Строится,,,,,,,,,,
oks,oks_4961,Строится,,,,,,,,,,
oks,oks_4962,Строится,,,,,,,,,,
oks,oks_4963,Строится,,,,,,,,,,
oks,oks_4964,Строится,,,,,,,,,,
oks,oks_4965,Строится,,,,,,,,,,
oks,oks_4966,Строится,,,,,,,,,,
oks,oks_4967,Строится,,,,,,,,,,
oks,oks_4968,Строится,,,,,,,,,,
oks,oks_4969,Строится,,,,,,,,,,
oks,oks_4970,Строится,,,,,,,,,,
oks,oks_4971,Строится,,,,,,,,,,
oks,oks_4972,Строится,,,,,,,,,,
oks,oks_4973,Строится,,,,,,,,,,
oks,oks_4974,Строится,,,,,,,,,,
oks,oks_4975,Строится,,,,,,,,,,
oks,oks_4976,Строится,,,,,,,,,,
oks,oks_4977,Строится,,,,,,,,,,
oks,oks_4978,Строится,,,,,,,,,,
oks,oks_4979,Строится,,,,,,,,,,
oks,oks_4980,Строится,,,,,,,,,,
oks,oks_4981,Строится,,,,,,,,,,
oks,oks_4982,Строится,,,,,,,,,,
oks,oks_4983,Строится,,,,,,,,,,
oks,oks_4984,Строится,,,,,,,,,,
oks,oks_4985,Строится,,,,,,,,,,
oks,oks_4986,Строится,,,,,,,,,,
oks,oks_4987,Строится,,,,,,,,,,
oks,oks_4988,Строится,,,,,,,,,,
oks,oks_4989,Строится,,,,,,,,,,
oks,oks_4990,Строится,,,,,,,,,,
oks,oks_4991,Строится,,,,,,,,,,
oks,oks_4992,Строится,,,,,,,,,,
oks,oks_4993,Строится,,,,,,,,,,
oks,oks_4994,Строится,,,,,,,,,,
oks,oks_4995,Строится,,,,,,,,,,
oks,oks_4996,Строится,,,,,,,,,,
oks,oks_4997,Строится,,,,,,,,,,
oks,oks_4998,Строится,,,,,,,,,,
oks,oks_4999,Строится,,,,,,,,,,
oks,oks_5000,Строится,,,,,,,,,,
oks,oks_5001,Строится,,,,,,,,,,
oks,oks_5002,Строится,,,,,,,,,,
oks,oks_5003,Строится,,,,,,,,,,
oks,oks_5004,Строится,,,,,,,,,,
oks,oks_5005,Строится,,,,,,,,,,
oks,oks_5006,Строится,,,,,,,,,,
oks,oks_5007,Строится,,,,,,,,,,
oks,oks_5008,Строится,,,,,,,,,,
oks,oks_5009,Строится,,,,,,,,,,
oks,oks_5010,Строится,,,,,,,,,,
oks,oks_5011,Строится,,,,,,,,,,
oks,oks_5012,Строится,,,,,,,,,,
oks,oks_5013,Строится,,,,,,,,,,
oks,oks_5014,Строится,,,,,,,,,,
oks,oks_5015,Строится,,,,,,,,,,
oks,oks_5016,Строится,,,,,,,,,,
oks,oks_5017,Строится,,,,,,,,,,
oks,oks_5018,Строится,,,,,,,,,,
oks,oks_5019,Строится,,,,,,,,,,
oks,oks_5020,Строится,,,,,,,,,,
oks,oks_5021,Строится,,,,,,,,,,
oks,oks_5022,Строится,,,,,,,,,,
oks,oks_5023,Строится,,,,,,,,,,
oks,oks_5024,Строится,,,,,,,,,,
oks,oks_5025,Строится,,,,,,,,,,
oks,oks_5026,Строится,,,,,,,,,,
oks,oks_5027,Строится,,,,,,,,,,
oks,oks_5028,Строится,,,,,,,,,,
oks,oks_5029,Строится,,,,,,,,,,
oks,oks_5030,Строится,,,,,,,,,,
oks,oks_5031,Строится,,,,,,,,,,
oks,oks_5032,Строится,,,,,,,,,,
oks,oks_5033,Строится,,,,,,,,,,
oks,oks_5034,Строится,,,,,,,,,,
oks,oks_5035,Строится,,,,,,,,,,
oks,oks_5036,Строится,,,,,,,,,,
oks,oks_5037,Строится,,,,,,,,,,
oks,oks_5038,Строится,,,,,,,,,,
oks,oks_5039,Строится,,,,,,,,,,
oks,oks_5040,Строится,,,,,,,,,,
oks,oks_5041,Строится,,,,,,,,,,
oks,oks_5042,Строится,,,,,,,,,,
oks,oks_5043,Строится,,,,,,,,,,
