section,indicator_id,indicator_title,view,region,year,month,quarter,period_type,metric,value,unit,source_file,loaded_at
national_accounts,vds_msk_value_legacy,"ВДС Москвы по отраслям в рублях (расчёт: ВРП × доля), ОКВЭД-2007",Гостиницы и рестораны,Москва,2011,,,year,vds_value,79590.182,млн руб,расчёт: ВРП Москвы × доля ВДС (ОКВЭД-2007),2026-05-26 09:33:18.726369
national_accounts,vds_msk_value_legacy,"ВДС Москвы по отраслям в рублях (расчёт: ВРП × доля), ОКВЭД-2007",Государственное управление и обеспечение военной безопасности; социальное страхование,Москва,2011,,,year,vds_value,318360.73,млн руб,расчёт: ВРП Москвы × доля ВДС (ОКВЭД-2007),2026-05-26 09:33:18.726369
national_accounts,vds_msk_value_legacy,"ВДС Москвы по отраслям в рублях (расчёт: ВРП × доля), ОКВЭД-2007",Деятельность домашних хозяйств,Москва,2011,,,year,vds_value,0.0,млн руб,расчёт: ВРП Москвы × доля ВДС (ОКВЭД-2007),2026-05-26 09:33:18.726369
national_accounts,vds_msk_value_legacy,"ВДС Москвы по отраслям в рублях (расчёт: ВРП × доля), ОКВЭД-2007",Добыча полезных ископаемых,Москва,2011,,,year,vds_value,0.0,млн руб,расчёт: ВРП Москвы × доля ВДС (ОКВЭД-2007),2026-05-26 09:33:18.726369
national_accounts,vds_msk_value_legacy,"ВДС Москвы по отраслям в рублях (расчёт: ВРП × доля), ОКВЭД-2007",Здравоохранение и предоставление социальных услуг,Москва,2011,,,year,vds_value,298463.184,млн руб,расчёт: ВРП Москвы × доля ВДС (ОКВЭД-2007),2026-05-26 09:33:18.726369
national_accounts,vds_msk_value_legacy,"ВДС Москвы по отраслям в рублях (расчёт: ВРП × доля), ОКВЭД-2007",Обрабатывающие производства,Москва,2011,,,year,vds_value,1223699.054,млн руб,расчёт: ВРП Москвы × доля ВДС (ОКВЭД-2007),2026-05-26 09:33:18.726369
national_accounts,vds_msk_value_legacy,"ВДС Москвы по отраслям в рублях (расчёт: ВРП × доля), ОКВЭД-2007",Образование,Москва,2011,,,year,vds_value,218873.002,млн руб,расчёт: ВРП Москвы × доля ВДС (ОКВЭД-2007),2026-05-26 09:33:18.726369
national_accounts,vds_msk_value_legacy,"ВДС Москвы по отраслям в рублях (расчёт: ВРП × доля), ОКВЭД-2007","Операции с недвижимым имуществом, аренда и предоставление услуг",Москва,2011,,,year,vds_value,1890266.832,млн руб,расчёт: ВРП Москвы × доля ВДС (ОКВЭД-2007),2026-05-26 09:33:18.726369
national_accounts,vds_msk_value_legacy,"ВДС Москвы по отраслям в рублях (расчёт: ВРП × доля), ОКВЭД-2007","Оптовая и розничная торговля; ремонт автотранспортных средств, мотоциклов, бытовых изделий и предметов личного пользования",Москва,2011,,,year,vds_value,3870072.619,млн руб,расчёт: ВРП Москвы × доля ВДС (ОКВЭД-2007),2026-05-26 09:33:18.726369
national_accounts,vds_msk_value_legacy,"ВДС Москвы по отраслям в рублях (расчёт: ВРП × доля), ОКВЭД-2007","Предоставление прочих коммунальных, социальных и персональных услуг",Москва,2011,,,year,vds_value,238770.547,млн руб,расчёт: ВРП Москвы × доля ВДС (ОКВЭД-2007),2026-05-26 09:33:18.726369
national_accounts,vds_msk_value_legacy,"ВДС Москвы по отраслям в рублях (расчёт: ВРП × доля), ОКВЭД-2007","Производство и распределение электроэнергии, газа и воды",Москва,2011,,,year,vds_value,397950.912,млн руб,расчёт: ВРП Москвы × доля ВДС (ОКВЭД-2007),2026-05-26 09:33:18.726369
national_accounts,vds_msk_value_legacy,"ВДС Москвы по отраслям в рублях (расчёт: ВРП × доля), ОКВЭД-2007","Рыболовство, рыбоводство",Москва,2011,,,year,vds_value,0.0,млн руб,расчёт: ВРП Москвы × доля ВДС (ОКВЭД-2007),2026-05-26 09:33:18.726369
national_accounts,vds_msk_value_legacy,"ВДС Москвы по отраслям в рублях (расчёт: ВРП × доля), ОКВЭД-2007","Сельское хозяйство, охота и лесное хозяйство",Москва,2011,,,year,vds_value,9948.773,млн руб,расчёт: ВРП Москвы × доля ВДС (ОКВЭД-2007),2026-05-26 09:33:18.726369
national_accounts,vds_msk_value_legacy,"ВДС Москвы по отраслям в рублях (расчёт: ВРП × доля), ОКВЭД-2007",Строительство,Москва,2011,,,year,vds_value,278565.638,млн руб,расчёт: ВРП Москвы × доля ВДС (ОКВЭД-2007),2026-05-26 09:33:18.726369
national_accounts,vds_msk_value_legacy,"ВДС Москвы по отраслям в рублях (расчёт: ВРП × доля), ОКВЭД-2007",Транспорт и связь,Москва,2011,,,year,vds_value,994877.28,млн руб,расчёт: ВРП Москвы × доля ВДС (ОКВЭД-2007),2026-05-26 09:33:18.726369
national_accounts,vds_msk_value_legacy,"ВДС Москвы по отраслям в рублях (расчёт: ВРП × доля), ОКВЭД-2007",Финансовая деятельность,Москва,2011,,,year,vds_value,129334.046,млн руб,расчёт: ВРП Москвы × доля ВДС (ОКВЭД-2007),2026-05-26 09:33:18.726369
national_accounts,vds_msk_value_legacy,"ВДС Москвы по отраслям в рублях (расчёт: ВРП × доля), ОКВЭД-2007",Гостиницы и рестораны,Москва,2012,,,year,vds_value,85334.964,млн руб,расчёт: ВРП Москвы × доля ВДС (ОКВЭД-2007),2026-05-26 09:33:18.726369
national_accounts,vds_msk_value_legacy,"ВДС Москвы по отраслям в рублях (расчёт: ВРП × доля), ОКВЭД-2007",Государственное управление и обеспечение военной безопасности; социальное страхование,Москва,2012,,,year,vds_value,522676.655,млн руб,расчёт: ВРП Москвы × доля ВДС (ОКВЭД-2007),2026-05-26 09:33:18.726369
national_accounts,vds_msk_value_legacy,"ВДС Москвы по отраслям в рублях (расчёт: ВРП × доля), ОКВЭД-2007",Деятельность домашних хозяйств,Москва,2012,,,year,vds_value,0.0,млн руб,расчёт: ВРП Москвы × доля ВДС (ОКВЭД-2007),2026-05-26 09:33:18.726369
national_accounts,vds_msk_value_legacy,"ВДС Москвы по отраслям в рублях (расчёт: ВРП × доля), ОКВЭД-2007",Добыча полезных ископаемых,Москва,2012,,,year,vds_value,0.0,млн руб,расчёт: ВРП Москвы × доля ВДС (ОКВЭД-2007),2026-05-26 09:33:18.726369
national_accounts,vds_msk_value_legacy,"ВДС Москвы по отраслям в рублях (расчёт: ВРП × доля), ОКВЭД-2007",Здравоохранение и предоставление социальных услуг,Москва,2012,,,year,vds_value,362673.597,млн руб,расчёт: ВРП Москвы × доля ВДС (ОКВЭД-2007),2026-05-26 09:33:18.726369
national_accounts,vds_msk_value_legacy,"ВДС Москвы по отраслям в рублях (расчёт: ВРП × доля), ОКВЭД-2007",Обрабатывающие производства,Москва,2012,,,year,vds_value,1344025.683,млн руб,расчёт: ВРП Москвы × доля ВДС (ОКВЭД-2007),2026-05-26 09:33:18.726369
national_accounts,vds_msk_value_legacy,"ВДС Москвы по отраслям в рублях (расчёт: ВРП × доля), ОКВЭД-2007",Образование,Москва,2012,,,year,vds_value,266671.763,млн руб,расчёт: ВРП Москвы × доля ВДС (ОКВЭД-2007),2026-05-26 09:33:18.726369
national_accounts,vds_msk_value_legacy,"ВДС Москвы по отраслям в рублях (расчёт: ВРП × доля), ОКВЭД-2007","Операции с недвижимым имуществом, аренда и предоставление услуг",Москва,2012,,,year,vds_value,2250709.675,млн руб,расчёт: ВРП Москвы × доля ВДС (ОКВЭД-2007),2026-05-26 09:33:18.726369
national_accounts,vds_msk_value_legacy,"ВДС Москвы по отраслям в рублях (расчёт: ВРП × доля), ОКВЭД-2007","Оптовая и розничная торговля; ремонт автотранспортных средств, мотоциклов, бытовых изделий и предметов личного пользования",Москва,2012,,,year,vds_value,3498733.524,млн руб,расчёт: ВРП Москвы × доля ВДС (ОКВЭД-2007),2026-05-26 09:33:18.726369
national_accounts,vds_msk_value_legacy,"ВДС Москвы по отраслям в рублях (расчёт: ВРП × доля), ОКВЭД-2007","Предоставление прочих коммунальных, социальных и персональных услуг",Москва,2012,,,year,vds_value,288005.503,млн руб,расчёт: ВРП Москвы × доля ВДС (ОКВЭД-2007),2026-05-26 09:33:18.726369
national_accounts,vds_msk_value_legacy,"ВДС Москвы по отраслям в рублях (расчёт: ВРП × доля), ОКВЭД-2007","Производство и распределение электроэнергии, газа и воды",Москва,2012,,,year,vds_value,362673.597,млн руб,расчёт: ВРП Москвы × доля ВДС (ОКВЭД-2007),2026-05-26 09:33:18.726369
national_accounts,vds_msk_value_legacy,"ВДС Москвы по отраслям в рублях (расчёт: ВРП × доля), ОКВЭД-2007","Рыболовство, рыбоводство",Москва,2012,,,year,vds_value,0.0,млн руб,расчёт: ВРП Москвы × доля ВДС (ОКВЭД-2007),2026-05-26 09:33:18.726369
national_accounts,vds_msk_value_legacy,"ВДС Москвы по отраслям в рублях (расчёт: ВРП × доля), ОКВЭД-2007","Сельское хозяйство, охота и лесное хозяйство",Москва,2012,,,year,vds_value,10666.871,млн руб,расчёт: ВРП Москвы × доля ВДС (ОКВЭД-2007),2026-05-26 09:33:18.726369
national_accounts,vds_msk_value_legacy,"ВДС Москвы по отраслям в рублях (расчёт: ВРП × доля), ОКВЭД-2007",Строительство,Москва,2012,,,year,vds_value,448008.561,млн руб,расчёт: ВРП Москвы × доля ВДС (ОКВЭД-2007),2026-05-26 09:33:18.726369
national_accounts,vds_msk_value_legacy,"ВДС Москвы по отраслям в рублях (расчёт: ВРП × доля), ОКВЭД-2007",Транспорт и связь,Москва,2012,,,year,vds_value,1088020.791,млн руб,расчёт: ВРП Москвы × доля ВДС (ОКВЭД-2007),2026-05-26 09:33:18.726369
national_accounts,vds_msk_value_legacy,"ВДС Москвы по отраслям в рублях (расчёт: ВРП × доля), ОКВЭД-2007",Финансовая деятельность,Москва,2012,,,year,vds_value,138669.317,млн руб,расчёт: ВРП Москвы × доля ВДС (ОКВЭД-2007),2026-05-26 09:33:18.726369
national_accounts,vds_msk_value_legacy,"ВДС Москвы по отраслям в рублях (расчёт: ВРП × доля), ОКВЭД-2007",Гостиницы и рестораны,Москва,2013,,,year,vds_value,106334.077,млн руб,расчёт: ВРП Москвы × доля ВДС (ОКВЭД-2007),2026-05-26 09:33:18.726369
national_accounts,vds_msk_value_legacy,"ВДС Москвы по отраслям в рублях (расчёт: ВРП × доля), ОКВЭД-2007",Государственное управление и обеспечение военной безопасности; социальное страхование,Москва,2013,,,year,vds_value,614374.665,млн руб,расчёт: ВРП Москвы × доля ВДС (ОКВЭД-2007),2026-05-26 09:33:18.726369
national_accounts,vds_msk_value_legacy,"ВДС Москвы по отраслям в рублях (расчёт: ВРП × доля), ОКВЭД-2007",Деятельность домашних хозяйств,Москва,2013,,,year,vds_value,0.0,млн руб,расчёт: ВРП Москвы × доля ВДС (ОКВЭД-2007),2026-05-26 09:33:18.726369
national_accounts,vds_msk_value_legacy,"ВДС Москвы по отраслям в рублях (расчёт: ВРП × доля), ОКВЭД-2007",Добыча полезных ископаемых,Москва,2013,,,year,vds_value,0.0,млн руб,расчёт: ВРП Москвы × доля ВДС (ОКВЭД-2007),2026-05-26 09:33:18.726369
national_accounts,vds_msk_value_legacy,"ВДС Москвы по отраслям в рублях (расчёт: ВРП × доля), ОКВЭД-2007",Здравоохранение и предоставление социальных услуг,Москва,2013,,,year,vds_value,389891.614,млн руб,расчёт: ВРП Москвы × доля ВДС (ОКВЭД-2007),2026-05-26 09:33:18.726369
national_accounts,vds_msk_value_legacy,"ВДС Москвы по отраслям в рублях (расчёт: ВРП × доля), ОКВЭД-2007",Обрабатывающие производства,Москва,2013,,,year,vds_value,1760419.713,млн руб,расчёт: ВРП Москвы × доля ВДС (ОКВЭД-2007),2026-05-26 09:33:18.726369
national_accounts,vds_msk_value_legacy,"ВДС Москвы по отраслям в рублях (расчёт: ВРП × доля), ОКВЭД-2007",Образование,Москва,2013,,,year,vds_value,283557.538,млн руб,расчёт: ВРП Москвы × доля ВДС (ОКВЭД-2007),2026-05-26 09:33:18.726369
national_accounts,vds_msk_value_legacy,"ВДС Москвы по отраслям в рублях (расчёт: ВРП × доля), ОКВЭД-2007","Операции с недвижимым имуществом, аренда и предоставление услуг",Москва,2013,,,year,vds_value,2303904.993,млн руб,расчёт: ВРП Москвы × доля ВДС (ОКВЭД-2007),2026-05-26 09:33:18.726369
national_accounts,vds_msk_value_legacy,"ВДС Москвы по отраслям в рублях (расчёт: ВРП × доля), ОКВЭД-2007","Оптовая и розничная торговля; ремонт автотранспортных средств, мотоциклов, бытовых изделий и предметов личного пользования",Москва,2013,,,year,vds_value,3969805.526,млн руб,расчёт: ВРП Москвы × доля ВДС (ОКВЭД-2007),2026-05-26 09:33:18.726369
national_accounts,vds_msk_value_legacy,"ВДС Москвы по отраслям в рублях (расчёт: ВРП × доля), ОКВЭД-2007","Предоставление прочих коммунальных, социальных и персональных услуг",Москва,2013,,,year,vds_value,295372.435,млн руб,расчёт: ВРП Москвы × доля ВДС (ОКВЭД-2007),2026-05-26 09:33:18.726369
national_accounts,vds_msk_value_legacy,"ВДС Москвы по отраслям в рублях (расчёт: ВРП × доля), ОКВЭД-2007","Производство и распределение электроэнергии, газа и воды",Москва,2013,,,year,vds_value,413521.409,млн руб,расчёт: ВРП Москвы × доля ВДС (ОКВЭД-2007),2026-05-26 09:33:18.726369
national_accounts,vds_msk_value_legacy,"ВДС Москвы по отраслям в рублях (расчёт: ВРП × доля), ОКВЭД-2007","Рыболовство, рыбоводство",Москва,2013,,,year,vds_value,0.0,млн руб,расчёт: ВРП Москвы × доля ВДС (ОКВЭД-2007),2026-05-26 09:33:18.726369
national_accounts,vds_msk_value_legacy,"ВДС Москвы по отраслям в рублях (расчёт: ВРП × доля), ОКВЭД-2007","Сельское хозяйство, охота и лесное хозяйство",Москва,2013,,,year,vds_value,0.0,млн руб,расчёт: ВРП Москвы × доля ВДС (ОКВЭД-2007),2026-05-26 09:33:18.726369
national_accounts,vds_msk_value_legacy,"ВДС Москвы по отраслям в рублях (расчёт: ВРП × доля), ОКВЭД-2007",Строительство,Москва,2013,,,year,vds_value,543485.28,млн руб,расчёт: ВРП Москвы × доля ВДС (ОКВЭД-2007),2026-05-26 09:33:18.726369
national_accounts,vds_msk_value_legacy,"ВДС Москвы по отраслям в рублях (расчёт: ВРП × доля), ОКВЭД-2007",Транспорт и связь,Москва,2013,,,year,vds_value,992451.382,млн руб,расчёт: ВРП Москвы × доля ВДС (ОКВЭД-2007),2026-05-26 09:33:18.726369
national_accounts,vds_msk_value_legacy,"ВДС Москвы по отраслям в рублях (расчёт: ВРП × доля), ОКВЭД-2007",Финансовая деятельность,Москва,2013,,,year,vds_value,141778.769,млн руб,расчёт: ВРП Москвы × доля ВДС (ОКВЭД-2007),2026-05-26 09:33:18.726369
national_accounts,vds_msk_value_legacy,"ВДС Москвы по отраслям в рублях (расчёт: ВРП × доля), ОКВЭД-2007",Гостиницы и рестораны,Москва,2014,,,year,vds_value,127795.257,млн руб,расчёт: ВРП Москвы × доля ВДС (ОКВЭД-2007),2026-05-26 09:33:18.726369
national_accounts,vds_msk_value_legacy,"ВДС Москвы по отраслям в рублях (расчёт: ВРП × доля), ОКВЭД-2007",Государственное управление и обеспечение военной безопасности; социальное страхование,Москва,2014,,,year,vds_value,677314.862,млн руб,расчёт: ВРП Москвы × доля ВДС (ОКВЭД-2007),2026-05-26 09:33:18.726369
national_accounts,vds_msk_value_legacy,"ВДС Москвы по отраслям в рублях (расчёт: ВРП × доля), ОКВЭД-2007",Деятельность домашних хозяйств,Москва,2014,,,year,vds_value,0.0,млн руб,расчёт: ВРП Москвы × доля ВДС (ОКВЭД-2007),2026-05-26 09:33:18.726369
national_accounts,vds_msk_value_legacy,"ВДС Москвы по отраслям в рублях (расчёт: ВРП × доля), ОКВЭД-2007",Добыча полезных ископаемых,Москва,2014,,,year,vds_value,0.0,млн руб,расчёт: ВРП Москвы × доля ВДС (ОКВЭД-2007),2026-05-26 09:33:18.726369
national_accounts,vds_msk_value_legacy,"ВДС Москвы по отраслям в рублях (расчёт: ВРП × доля), ОКВЭД-2007",Здравоохранение и предоставление социальных услуг,Москва,2014,,,year,vds_value,421724.348,млн руб,расчёт: ВРП Москвы × доля ВДС (ОКВЭД-2007),2026-05-26 09:33:18.726369
national_accounts,vds_msk_value_legacy,"ВДС Москвы по отраслям в рублях (расчёт: ВРП × доля), ОКВЭД-2007",Обрабатывающие производства,Москва,2014,,,year,vds_value,1469645.455,млн руб,расчёт: ВРП Москвы × доля ВДС (ОКВЭД-2007),2026-05-26 09:33:18.726369
national_accounts,vds_msk_value_legacy,"ВДС Москвы по отраслям в рублях (расчёт: ВРП × доля), ОКВЭД-2007",Образование,Москва,2014,,,year,vds_value,293929.091,млн руб,расчёт: ВРП Москвы × доля ВДС (ОКВЭД-2007),2026-05-26 09:33:18.726369
national_accounts,vds_msk_value_legacy,"ВДС Москвы по отраслям в рублях (расчёт: ВРП × доля), ОКВЭД-2007","Операции с недвижимым имуществом, аренда и предоставление услуг",Москва,2014,,,year,vds_value,2568684.666,млн руб,расчёт: ВРП Москвы × доля ВДС (ОКВЭД-2007),2026-05-26 09:33:18.726369
national_accounts,vds_msk_value_legacy,"ВДС Москвы по отраслям в рублях (расчёт: ВРП × доля), ОКВЭД-2007","Оптовая и розничная торговля; ремонт автотранспортных средств, мотоциклов, бытовых изделий и предметов личного пользования",Москва,2014,,,year,vds_value,4728424.509,млн руб,расчёт: ВРП Москвы × доля ВДС (ОКВЭД-2007),2026-05-26 09:33:18.726369
national_accounts,vds_msk_value_legacy,"ВДС Москвы по отраслям в рублях (расчёт: ВРП × доля), ОКВЭД-2007","Предоставление прочих коммунальных, социальных и персональных услуг",Москва,2014,,,year,vds_value,242810.988,млн руб,расчёт: ВРП Москвы × доля ВДС (ОКВЭД-2007),2026-05-26 09:33:18.726369
national_accounts,vds_msk_value_legacy,"ВДС Москвы по отраслям в рублях (расчёт: ВРП × доля), ОКВЭД-2007","Производство и распределение электроэнергии, газа и воды",Москва,2014,,,year,vds_value,408944.822,млн руб,расчёт: ВРП Москвы × доля ВДС (ОКВЭД-2007),2026-05-26 09:33:18.726369
national_accounts,vds_msk_value_legacy,"ВДС Москвы по отраслям в рублях (расчёт: ВРП × доля), ОКВЭД-2007","Рыболовство, рыбоводство",Москва,2014,,,year,vds_value,0.0,млн руб,расчёт: ВРП Москвы × доля ВДС (ОКВЭД-2007),2026-05-26 09:33:18.726369
national_accounts,vds_msk_value_legacy,"ВДС Москвы по отраслям в рублях (расчёт: ВРП × доля), ОКВЭД-2007","Сельское хозяйство, охота и лесное хозяйство",Москва,2014,,,year,vds_value,12779.526,млн руб,расчёт: ВРП Москвы × доля ВДС (ОКВЭД-2007),2026-05-26 09:33:18.726369
national_accounts,vds_msk_value_legacy,"ВДС Москвы по отраслям в рублях (расчёт: ВРП × доля), ОКВЭД-2007",Строительство,Москва,2014,,,year,vds_value,587858.182,млн руб,расчёт: ВРП Москвы × доля ВДС (ОКВЭД-2007),2026-05-26 09:33:18.726369
national_accounts,vds_msk_value_legacy,"ВДС Москвы по отраслям в рублях (расчёт: ВРП × доля), ОКВЭД-2007",Транспорт и связь,Москва,2014,,,year,vds_value,1073480.159,млн руб,расчёт: ВРП Москвы × доля ВДС (ОКВЭД-2007),2026-05-26 09:33:18.726369
national_accounts,vds_msk_value_legacy,"ВДС Москвы по отраслям в рублях (расчёт: ВРП × доля), ОКВЭД-2007",Финансовая деятельность,Москва,2014,,,year,vds_value,166133.834,млн руб,расчёт: ВРП Москвы × доля ВДС (ОКВЭД-2007),2026-05-26 09:33:18.726369
national_accounts,vds_msk_value_legacy,"ВДС Москвы по отраслям в рублях (расчёт: ВРП × доля), ОКВЭД-2007",Гостиницы и рестораны,Москва,2015,,,year,vds_value,108166.903,млн руб,расчёт: ВРП Москвы × доля ВДС (ОКВЭД-2007),2026-05-26 09:33:18.726369
national_accounts,vds_msk_value_legacy,"ВДС Москвы по отраслям в рублях (расчёт: ВРП × доля), ОКВЭД-2007",Государственное управление и обеспечение военной безопасности; социальное страхование,Москва,2015,,,year,vds_value,676043.145,млн руб,расчёт: ВРП Москвы × доля ВДС (ОКВЭД-2007),2026-05-26 09:33:18.726369
national_accounts,vds_msk_value_legacy,"ВДС Москвы по отраслям в рублях (расчёт: ВРП × доля), ОКВЭД-2007",Деятельность домашних хозяйств,Москва,2015,,,year,vds_value,0.0,млн руб,расчёт: ВРП Москвы × доля ВДС (ОКВЭД-2007),2026-05-26 09:33:18.726369
national_accounts,vds_msk_value_legacy,"ВДС Москвы по отраслям в рублях (расчёт: ВРП × доля), ОКВЭД-2007",Добыча полезных ископаемых,Москва,2015,,,year,vds_value,0.0,млн руб,расчёт: ВРП Москвы × доля ВДС (ОКВЭД-2007),2026-05-26 09:33:18.726369
national_accounts,vds_msk_value_legacy,"ВДС Москвы по отраслям в рублях (расчёт: ВРП × доля), ОКВЭД-2007",Здравоохранение и предоставление социальных услуг,Москва,2015,,,year,vds_value,432667.613,млн руб,расчёт: ВРП Москвы × доля ВДС (ОКВЭД-2007),2026-05-26 09:33:18.726369
national_accounts,vds_msk_value_legacy,"ВДС Москвы по отраслям в рублях (расчёт: ВРП × доля), ОКВЭД-2007",Обрабатывающие производства,Москва,2015,,,year,vds_value,1690107.863,млн руб,расчёт: ВРП Москвы × доля ВДС (ОКВЭД-2007),2026-05-26 09:33:18.726369
national_accounts,vds_msk_value_legacy,"ВДС Москвы по отраслям в рублях (расчёт: ВРП × доля), ОКВЭД-2007",Образование,Москва,2015,,,year,vds_value,297458.984,млн руб,расчёт: ВРП Москвы × доля ВДС (ОКВЭД-2007),2026-05-26 09:33:18.726369
national_accounts,vds_msk_value_legacy,"ВДС Москвы по отраслям в рублях (расчёт: ВРП × доля), ОКВЭД-2007","Операции с недвижимым имуществом, аренда и предоставление услуг",Москва,2015,,,year,vds_value,3231486.233,млн руб,расчёт: ВРП Москвы × доля ВДС (ОКВЭД-2007),2026-05-26 09:33:18.726369
national_accounts,vds_msk_value_legacy,"ВДС Москвы по отраслям в рублях (расчёт: ВРП × доля), ОКВЭД-2007","Оптовая и розничная торговля; ремонт автотранспортных средств, мотоциклов, бытовых изделий и предметов личного пользования",Москва,2015,,,year,vds_value,4380759.58,млн руб,расчёт: ВРП Москвы × доля ВДС (ОКВЭД-2007),2026-05-26 09:33:18.726369
national_accounts,vds_msk_value_legacy,"ВДС Москвы по отраслям в рублях (расчёт: ВРП × доля), ОКВЭД-2007","Предоставление прочих коммунальных, социальных и персональных услуг",Москва,2015,,,year,vds_value,310979.847,млн руб,расчёт: ВРП Москвы × доля ВДС (ОКВЭД-2007),2026-05-26 09:33:18.726369
national_accounts,vds_msk_value_legacy,"ВДС Москвы по отраслям в рублях (расчёт: ВРП × доля), ОКВЭД-2007","Производство и распределение электроэнергии, газа и воды",Москва,2015,,,year,vds_value,459709.339,млн руб,расчёт: ВРП Москвы × доля ВДС (ОКВЭД-2007),2026-05-26 09:33:18.726369
national_accounts,vds_msk_value_legacy,"ВДС Москвы по отраслям в рублях (расчёт: ВРП × доля), ОКВЭД-2007","Рыболовство, рыбоводство",Москва,2015,,,year,vds_value,0.0,млн руб,расчёт: ВРП Москвы × доля ВДС (ОКВЭД-2007),2026-05-26 09:33:18.726369
national_accounts,vds_msk_value_legacy,"ВДС Москвы по отраслям в рублях (расчёт: ВРП × доля), ОКВЭД-2007","Сельское хозяйство, охота и лесное хозяйство",Москва,2015,,,year,vds_value,13520.863,млн руб,расчёт: ВРП Москвы × доля ВДС (ОКВЭД-2007),2026-05-26 09:33:18.726369
national_accounts,vds_msk_value_legacy,"ВДС Москвы по отраслям в рублях (расчёт: ВРП × доля), ОКВЭД-2007",Строительство,Москва,2015,,,year,vds_value,581397.105,млн руб,расчёт: ВРП Москвы × доля ВДС (ОКВЭД-2007),2026-05-26 09:33:18.726369
national_accounts,vds_msk_value_legacy,"ВДС Москвы по отраслям в рублях (расчёт: ВРП × доля), ОКВЭД-2007",Транспорт и связь,Москва,2015,,,year,vds_value,1176315.072,млн руб,расчёт: ВРП Москвы × доля ВДС (ОКВЭД-2007),2026-05-26 09:33:18.726369
national_accounts,vds_msk_value_legacy,"ВДС Москвы по отраслям в рублях (расчёт: ВРП × доля), ОКВЭД-2007",Финансовая деятельность,Москва,2015,,,year,vds_value,162250.355,млн руб,расчёт: ВРП Москвы × доля ВДС (ОКВЭД-2007),2026-05-26 09:33:18.726369
