mart,mode,observations,successful_observations,errors,wall_seconds_median,wall_seconds_max,cpu_seconds_median,cpu_seconds_max,worker_process_wall_seconds_median,worker_process_wall_seconds_max,process_peak_rss_bytes_median,process_peak_rss_bytes_max
kvartirografia,pickle_new_process,5,5,0,0.0017278000013902783,0.0017359000048600137,0.0,0.015625,0.5898950999981025,0.6055429999978514,81543168.0,81698816.0
kvartirografia,loader_new_process,5,5,0,0.010258399997837842,0.011616700008744374,0.015625,0.015625,1.208464700001059,1.2182258999964688,123072512.0,123326464.0
kvartirografia,loader_warm_memory,5,5,0,0.0009386000019731,0.001063200004864484,0.0,0.015625,,,123228160.0,123228160.0
monitoring_2_0,pickle_new_process,5,5,0,0.02497410000069067,0.025767900006030686,0.03125,0.03125,0.6452586999948835,0.6626614999986487,103591936.0,103845888.0
monitoring_2_0,loader_new_process,5,5,0,0.06277760000375565,0.06924109999090433,0.0625,0.078125,1.2673703000036767,1.2744629999942845,197623808.0,197701632.0
monitoring_2_0,loader_warm_memory,5,5,0,0.025370600007590838,0.025846299991826527,0.03125,0.03125,,,197484544.0,197484544.0
erzrf_top,pickle_new_process,5,5,0,0.009821700004977174,0.010753099995781668,0.015625,0.015625,0.6305999999894993,0.6625390000117477,87339008.0,87457792.0
erzrf_top,loader_new_process,5,5,0,0.34856059998855926,0.35763120000774506,0.3125,0.34375,1.5654836000030627,1.6241858000139473,149999616.0,150151168.0
erzrf_top,loader_warm_memory,5,5,0,0.007881500001531094,0.008097899990389124,0.0,0.015625,,,149786624.0,149786624.0
erzrf_cards,pickle_new_process,5,5,0,0.001363799994578585,0.0014350999990710989,0.0,0.0,0.5967629000078887,0.6078663999942364,81281024.0,81383424.0
erzrf_cards,loader_new_process,5,5,0,0.004701300000306219,0.00518259999807924,0.0,0.015625,1.1383186000020942,1.2181818999961251,120418304.0,120930304.0
erzrf_cards,loader_warm_memory,5,5,0,0.0007817999867256731,0.0008161000005202368,0.0,0.0,,,120606720.0,120614912.0
escrow_manual,pickle_new_process,5,5,0,0.0009504000045126304,0.0010283000010531396,0.0,0.0,0.5806139000051189,0.5886914000002434,81412096.0,81461248.0
escrow_manual,loader_new_process,5,5,0,0.0030994999979157,0.0031927999953040853,0.0,0.015625,1.1547216000035405,1.1635533999942709,121028608.0,121380864.0
escrow_manual,loader_warm_memory,5,5,0,0.0003938000008929521,0.0004695999959949404,0.0,0.015625,,,121192448.0,121204736.0
rasprodannost,pickle_new_process,5,5,0,0.01681970000208821,0.01750420000462327,0.015625,0.015625,0.5978845000063302,0.6154444999992847,123064320.0,123133952.0
rasprodannost,loader_new_process,5,5,0,0.06137589999707416,0.06329299999924842,0.0625,0.0625,1.218896800011862,1.2753179999999702,308686848.0,308740096.0
rasprodannost,loader_warm_memory,5,5,0,0.018141900000046007,0.01933870000357274,0.015625,0.03125,,,308617216.0,308617216.0
vvod_static,pickle_new_process,5,5,0,0.000986300001386553,0.0010424000065540895,0.0,0.0,0.6168362000025809,0.6441211000055773,81190912.0,81420288.0
vvod_static,loader_new_process,5,5,0,0.003445299997110851,0.0037139000050956383,0.0,0.015625,1.2078002000052948,1.2181549000088125,120291328.0,120508416.0
vvod_static,loader_warm_memory,5,5,0,0.00039659999310970306,0.00042139999277424067,0.0,0.0,,,119980032.0,119996416.0
emiss_34118,pickle_new_process,5,5,0,0.0005435000057332218,0.0005980999994790182,0.0,0.0,0.6162483999942197,0.6226565999968443,81264640.0,81469440.0
emiss_34118,loader_new_process,5,5,0,0.0029572000057669356,0.003440900007262826,0.015625,0.015625,1.2081941999931587,1.2760455000097863,120102912.0,120193024.0
emiss_34118,loader_warm_memory,5,5,0,0.0001362999901175499,0.0001740000006975606,0.0,0.0,,,120258560.0,120270848.0
