run_id,mart,mode,source_snapshot_sha256,git_head,input_sha256,input_bytes,os_file_cache,repetition,wall_seconds,cpu_seconds,process_peak_rss_bytes,process_rss_bytes,memory_method,dataframe_rows_sum,frames_json,status,error,worker_process_wall_seconds
20260928T063749Z,kvartirografia,pickle_new_process,18fef6b0b4970bda97fe7f3c2a0287ea1d1a8a306cc58e0544d6537caf267a42,bc11e1507bb7280a01804a6f5673a1760c3d30f1,a2fd0deef7b4de8b25c861f5890b2a142194a7c7f96f96a0fd28fea267565a40,346652,uncontrolled; warmed by snapshot/hash,1,0.0017359000048600137,0.0,81698816,81694720,Windows GetProcessMemoryInfo; process-lifetime high-water,2122,"{""root.apartments"": {""columns"": 6, ""rows"": 10}, ""root.apartments_per_dev"": {""columns"": 23, ""rows"": 227}, ""root.developers"": {""columns"": 14, ""rows"": 1740}, ""root.distribution"": {""columns"": 4, ""rows"": 16}, ""root.regions"": {""columns"": 14, ""rows"": 129}}",ok,,0.5898950999981025
20260928T063749Z,kvartirografia,pickle_new_process,18fef6b0b4970bda97fe7f3c2a0287ea1d1a8a306cc58e0544d6537caf267a42,bc11e1507bb7280a01804a6f5673a1760c3d30f1,a2fd0deef7b4de8b25c861f5890b2a142194a7c7f96f96a0fd28fea267565a40,346652,uncontrolled; warmed by snapshot/hash,2,0.0017278000013902783,0.0,81526784,81522688,Windows GetProcessMemoryInfo; process-lifetime high-water,2122,"{""root.apartments"": {""columns"": 6, ""rows"": 10}, ""root.apartments_per_dev"": {""columns"": 23, ""rows"": 227}, ""root.developers"": {""columns"": 14, ""rows"": 1740}, ""root.distribution"": {""columns"": 4, ""rows"": 16}, ""root.regions"": {""columns"": 14, ""rows"": 129}}",ok,,0.5847405000095023
20260928T063749Z,kvartirografia,pickle_new_process,18fef6b0b4970bda97fe7f3c2a0287ea1d1a8a306cc58e0544d6537caf267a42,bc11e1507bb7280a01804a6f5673a1760c3d30f1,a2fd0deef7b4de8b25c861f5890b2a142194a7c7f96f96a0fd28fea267565a40,346652,uncontrolled; warmed by snapshot/hash,3,0.0016214999923249707,0.015625,81412096,81408000,Windows GetProcessMemoryInfo; process-lifetime high-water,2122,"{""root.apartments"": {""columns"": 6, ""rows"": 10}, ""root.apartments_per_dev"": {""columns"": 23, ""rows"": 227}, ""root.developers"": {""columns"": 14, ""rows"": 1740}, ""root.distribution"": {""columns"": 4, ""rows"": 16}, ""root.regions"": {""columns"": 14, ""rows"": 129}}",ok,,0.5914520000078483
20260928T063749Z,kvartirografia,pickle_new_process,18fef6b0b4970bda97fe7f3c2a0287ea1d1a8a306cc58e0544d6537caf267a42,bc11e1507bb7280a01804a6f5673a1760c3d30f1,a2fd0deef7b4de8b25c861f5890b2a142194a7c7f96f96a0fd28fea267565a40,346652,uncontrolled; warmed by snapshot/hash,4,0.0017306999943684787,0.015625,81604608,81600512,Windows GetProcessMemoryInfo; process-lifetime high-water,2122,"{""root.apartments"": {""columns"": 6, ""rows"": 10}, ""root.apartments_per_dev"": {""columns"": 23, ""rows"": 227}, ""root.developers"": {""columns"": 14, ""rows"": 1740}, ""root.distribution"": {""columns"": 4, ""rows"": 16}, ""root.regions"": {""columns"": 14, ""rows"": 129}}",ok,,0.5767344000050798
20260928T063749Z,kvartirografia,pickle_new_process,18fef6b0b4970bda97fe7f3c2a0287ea1d1a8a306cc58e0544d6537caf267a42,bc11e1507bb7280a01804a6f5673a1760c3d30f1,a2fd0deef7b4de8b25c861f5890b2a142194a7c7f96f96a0fd28fea267565a40,346652,uncontrolled; warmed by snapshot/hash,5,0.001625800010515377,0.0,81543168,81539072,Windows GetProcessMemoryInfo; process-lifetime high-water,2122,"{""root.apartments"": {""columns"": 6, ""rows"": 10}, ""root.apartments_per_dev"": {""columns"": 23, ""rows"": 227}, ""root.developers"": {""columns"": 14, ""rows"": 1740}, ""root.distribution"": {""columns"": 4, ""rows"": 16}, ""root.regions"": {""columns"": 14, ""rows"": 129}}",ok,,0.6055429999978514
20260928T063749Z,kvartirografia,loader_new_process,18fef6b0b4970bda97fe7f3c2a0287ea1d1a8a306cc58e0544d6537caf267a42,bc11e1507bb7280a01804a6f5673a1760c3d30f1,a2fd0deef7b4de8b25c861f5890b2a142194a7c7f96f96a0fd28fea267565a40,346652,uncontrolled; warmed by snapshot/hash,1,0.010171299989451654,0.015625,123072512,123068416,Windows GetProcessMemoryInfo; process-lifetime high-water,2122,"{""root.apartments"": {""columns"": 6, ""rows"": 10}, ""root.apartments_per_dev"": {""columns"": 23, ""rows"": 227}, ""root.developers"": {""columns"": 14, ""rows"": 1740}, ""root.distribution"": {""columns"": 4, ""rows"": 16}, ""root.regions"": {""columns"": 14, ""rows"": 129}}",ok,,1.1808860000019195
20260928T063749Z,kvartirografia,loader_new_process,18fef6b0b4970bda97fe7f3c2a0287ea1d1a8a306cc58e0544d6537caf267a42,bc11e1507bb7280a01804a6f5673a1760c3d30f1,a2fd0deef7b4de8b25c861f5890b2a142194a7c7f96f96a0fd28fea267565a40,346652,uncontrolled; warmed by snapshot/hash,2,0.010258399997837842,0.015625,123273216,123269120,Windows GetProcessMemoryInfo; process-lifetime high-water,2122,"{""root.apartments"": {""columns"": 6, ""rows"": 10}, ""root.apartments_per_dev"": {""columns"": 23, ""rows"": 227}, ""root.developers"": {""columns"": 14, ""rows"": 1740}, ""root.distribution"": {""columns"": 4, ""rows"": 16}, ""root.regions"": {""columns"": 14, ""rows"": 129}}",ok,,1.208464700001059
20260928T063749Z,kvartirografia,loader_new_process,18fef6b0b4970bda97fe7f3c2a0287ea1d1a8a306cc58e0544d6537caf267a42,bc11e1507bb7280a01804a6f5673a1760c3d30f1,a2fd0deef7b4de8b25c861f5890b2a142194a7c7f96f96a0fd28fea267565a40,346652,uncontrolled; warmed by snapshot/hash,3,0.010083300003316253,0.015625,123326464,123322368,Windows GetProcessMemoryInfo; process-lifetime high-water,2122,"{""root.apartments"": {""columns"": 6, ""rows"": 10}, ""root.apartments_per_dev"": {""columns"": 23, ""rows"": 227}, ""root.developers"": {""columns"": 14, ""rows"": 1740}, ""root.distribution"": {""columns"": 4, ""rows"": 16}, ""root.regions"": {""columns"": 14, ""rows"": 129}}",ok,,1.2182258999964688
20260928T063749Z,kvartirografia,loader_new_process,18fef6b0b4970bda97fe7f3c2a0287ea1d1a8a306cc58e0544d6537caf267a42,bc11e1507bb7280a01804a6f5673a1760c3d30f1,a2fd0deef7b4de8b25c861f5890b2a142194a7c7f96f96a0fd28fea267565a40,346652,uncontrolled; warmed by snapshot/hash,4,0.01047429999744054,0.0,122900480,122896384,Windows GetProcessMemoryInfo; process-lifetime high-water,2122,"{""root.apartments"": {""columns"": 6, ""rows"": 10}, ""root.apartments_per_dev"": {""columns"": 23, ""rows"": 227}, ""root.developers"": {""columns"": 14, ""rows"": 1740}, ""root.distribution"": {""columns"": 4, ""rows"": 16}, ""root.regions"": {""columns"": 14, ""rows"": 129}}",ok,,1.1966918999969494
20260928T063749Z,kvartirografia,loader_new_process,18fef6b0b4970bda97fe7f3c2a0287ea1d1a8a306cc58e0544d6537caf267a42,bc11e1507bb7280a01804a6f5673a1760c3d30f1,a2fd0deef7b4de8b25c861f5890b2a142194a7c7f96f96a0fd28fea267565a40,346652,uncontrolled; warmed by snapshot/hash,5,0.011616700008744374,0.015625,122748928,122744832,Windows GetProcessMemoryInfo; process-lifetime high-water,2122,"{""root.apartments"": {""columns"": 6, ""rows"": 10}, ""root.apartments_per_dev"": {""columns"": 23, ""rows"": 227}, ""root.developers"": {""columns"": 14, ""rows"": 1740}, ""root.distribution"": {""columns"": 4, ""rows"": 16}, ""root.regions"": {""columns"": 14, ""rows"": 129}}",ok,,1.2156258000031812
20260928T063749Z,kvartirografia,loader_warm_memory,18fef6b0b4970bda97fe7f3c2a0287ea1d1a8a306cc58e0544d6537caf267a42,bc11e1507bb7280a01804a6f5673a1760c3d30f1,a2fd0deef7b4de8b25c861f5890b2a142194a7c7f96f96a0fd28fea267565a40,346652,uncontrolled; warmed by snapshot/hash,1,0.001063200004864484,0.0,123224064,123219968,Windows GetProcessMemoryInfo; process-lifetime high-water,2122,"{""root.apartments"": {""columns"": 6, ""rows"": 10}, ""root.apartments_per_dev"": {""columns"": 23, ""rows"": 227}, ""root.developers"": {""columns"": 14, ""rows"": 1740}, ""root.distribution"": {""columns"": 4, ""rows"": 16}, ""root.regions"": {""columns"": 14, ""rows"": 129}}",ok,,
20260928T063749Z,kvartirografia,loader_warm_memory,18fef6b0b4970bda97fe7f3c2a0287ea1d1a8a306cc58e0544d6537caf267a42,bc11e1507bb7280a01804a6f5673a1760c3d30f1,a2fd0deef7b4de8b25c861f5890b2a142194a7c7f96f96a0fd28fea267565a40,346652,uncontrolled; warmed by snapshot/hash,2,0.0009509000083198771,0.0,123224064,123219968,Windows GetProcessMemoryInfo; process-lifetime high-water,2122,"{""root.apartments"": {""columns"": 6, ""rows"": 10}, ""root.apartments_per_dev"": {""columns"": 23, ""rows"": 227}, ""root.developers"": {""columns"": 14, ""rows"": 1740}, ""root.distribution"": {""columns"": 4, ""rows"": 16}, ""root.regions"": {""columns"": 14, ""rows"": 129}}",ok,,
20260928T063749Z,kvartirografia,loader_warm_memory,18fef6b0b4970bda97fe7f3c2a0287ea1d1a8a306cc58e0544d6537caf267a42,bc11e1507bb7280a01804a6f5673a1760c3d30f1,a2fd0deef7b4de8b25c861f5890b2a142194a7c7f96f96a0fd28fea267565a40,346652,uncontrolled; warmed by snapshot/hash,3,0.0009386000019731,0.015625,123228160,123224064,Windows GetProcessMemoryInfo; process-lifetime high-water,2122,"{""root.apartments"": {""columns"": 6, ""rows"": 10}, ""root.apartments_per_dev"": {""columns"": 23, ""rows"": 227}, ""root.developers"": {""columns"": 14, ""rows"": 1740}, ""root.distribution"": {""columns"": 4, ""rows"": 16}, ""root.regions"": {""columns"": 14, ""rows"": 129}}",ok,,
20260928T063749Z,kvartirografia,loader_warm_memory,18fef6b0b4970bda97fe7f3c2a0287ea1d1a8a306cc58e0544d6537caf267a42,bc11e1507bb7280a01804a6f5673a1760c3d30f1,a2fd0deef7b4de8b25c861f5890b2a142194a7c7f96f96a0fd28fea267565a40,346652,uncontrolled; warmed by snapshot/hash,4,0.0009083000040845945,0.0,123228160,123224064,Windows GetProcessMemoryInfo; process-lifetime high-water,2122,"{""root.apartments"": {""columns"": 6, ""rows"": 10}, ""root.apartments_per_dev"": {""columns"": 23, ""rows"": 227}, ""root.developers"": {""columns"": 14, ""rows"": 1740}, ""root.distribution"": {""columns"": 4, ""rows"": 16}, ""root.regions"": {""columns"": 14, ""rows"": 129}}",ok,,
20260928T063749Z,kvartirografia,loader_warm_memory,18fef6b0b4970bda97fe7f3c2a0287ea1d1a8a306cc58e0544d6537caf267a42,bc11e1507bb7280a01804a6f5673a1760c3d30f1,a2fd0deef7b4de8b25c861f5890b2a142194a7c7f96f96a0fd28fea267565a40,346652,uncontrolled; warmed by snapshot/hash,5,0.0009323999984189868,0.0,123228160,123224064,Windows GetProcessMemoryInfo; process-lifetime high-water,2122,"{""root.apartments"": {""columns"": 6, ""rows"": 10}, ""root.apartments_per_dev"": {""columns"": 23, ""rows"": 227}, ""root.developers"": {""columns"": 14, ""rows"": 1740}, ""root.distribution"": {""columns"": 4, ""rows"": 16}, ""root.regions"": {""columns"": 14, ""rows"": 129}}",ok,,
20260928T063749Z,monitoring_2_0,pickle_new_process,18fef6b0b4970bda97fe7f3c2a0287ea1d1a8a306cc58e0544d6537caf267a42,bc11e1507bb7280a01804a6f5673a1760c3d30f1,6a0d626e40fdbcce17dcd6db3e9dee2f40668de8704189ba0844f6d84e340056,13514603,uncontrolled; warmed by snapshot/hash,1,0.02432960001169704,0.03125,103309312,103305216,Windows GetProcessMemoryInfo; process-lifetime high-water,12611,"{""root.oks"": {""columns"": 72, ""rows"": 5055}, ""root.rv"": {""columns"": 50, ""rows"": 7556}}",ok,,0.6626614999986487
20260928T063749Z,monitoring_2_0,pickle_new_process,18fef6b0b4970bda97fe7f3c2a0287ea1d1a8a306cc58e0544d6537caf267a42,bc11e1507bb7280a01804a6f5673a1760c3d30f1,6a0d626e40fdbcce17dcd6db3e9dee2f40668de8704189ba0844f6d84e340056,13514603,uncontrolled; warmed by snapshot/hash,2,0.024647800004458986,0.03125,103432192,103428096,Windows GetProcessMemoryInfo; process-lifetime high-water,12611,"{""root.oks"": {""columns"": 72, ""rows"": 5055}, ""root.rv"": {""columns"": 50, ""rows"": 7556}}",ok,,0.6452586999948835
20260928T063749Z,monitoring_2_0,pickle_new_process,18fef6b0b4970bda97fe7f3c2a0287ea1d1a8a306cc58e0544d6537caf267a42,bc11e1507bb7280a01804a6f5673a1760c3d30f1,6a0d626e40fdbcce17dcd6db3e9dee2f40668de8704189ba0844f6d84e340056,13514603,uncontrolled; warmed by snapshot/hash,3,0.02497410000069067,0.03125,103591936,103587840,Windows GetProcessMemoryInfo; process-lifetime high-water,12611,"{""root.oks"": {""columns"": 72, ""rows"": 5055}, ""root.rv"": {""columns"": 50, ""rows"": 7556}}",ok,,0.6420908000000054
20260928T063749Z,monitoring_2_0,pickle_new_process,18fef6b0b4970bda97fe7f3c2a0287ea1d1a8a306cc58e0544d6537caf267a42,bc11e1507bb7280a01804a6f5673a1760c3d30f1,6a0d626e40fdbcce17dcd6db3e9dee2f40668de8704189ba0844f6d84e340056,13514603,uncontrolled; warmed by snapshot/hash,4,0.02537550000124611,0.03125,103653376,103649280,Windows GetProcessMemoryInfo; process-lifetime high-water,12611,"{""root.oks"": {""columns"": 72, ""rows"": 5055}, ""root.rv"": {""columns"": 50, ""rows"": 7556}}",ok,,0.654430800001137
20260928T063749Z,monitoring_2_0,pickle_new_process,18fef6b0b4970bda97fe7f3c2a0287ea1d1a8a306cc58e0544d6537caf267a42,bc11e1507bb7280a01804a6f5673a1760c3d30f1,6a0d626e40fdbcce17dcd6db3e9dee2f40668de8704189ba0844f6d84e340056,13514603,uncontrolled; warmed by snapshot/hash,5,0.025767900006030686,0.03125,103845888,103841792,Windows GetProcessMemoryInfo; process-lifetime high-water,12611,"{""root.oks"": {""columns"": 72, ""rows"": 5055}, ""root.rv"": {""columns"": 50, ""rows"": 7556}}",ok,,0.6369158000015887
20260928T063749Z,monitoring_2_0,loader_new_process,18fef6b0b4970bda97fe7f3c2a0287ea1d1a8a306cc58e0544d6537caf267a42,bc11e1507bb7280a01804a6f5673a1760c3d30f1,6a0d626e40fdbcce17dcd6db3e9dee2f40668de8704189ba0844f6d84e340056,13514603,uncontrolled; warmed by snapshot/hash,1,0.06277760000375565,0.0625,197615616,164593664,Windows GetProcessMemoryInfo; process-lifetime high-water,12611,"{""root.oks"": {""columns"": 72, ""rows"": 5055}, ""root.rv"": {""columns"": 50, ""rows"": 7556}}",ok,,1.2697776999993948
20260928T063749Z,monitoring_2_0,loader_new_process,18fef6b0b4970bda97fe7f3c2a0287ea1d1a8a306cc58e0544d6537caf267a42,bc11e1507bb7280a01804a6f5673a1760c3d30f1,6a0d626e40fdbcce17dcd6db3e9dee2f40668de8704189ba0844f6d84e340056,13514603,uncontrolled; warmed by snapshot/hash,2,0.06127960000594612,0.0625,197623808,163983360,Windows GetProcessMemoryInfo; process-lifetime high-water,12611,"{""root.oks"": {""columns"": 72, ""rows"": 5055}, ""root.rv"": {""columns"": 50, ""rows"": 7556}}",ok,,1.2378030999971088
20260928T063749Z,monitoring_2_0,loader_new_process,18fef6b0b4970bda97fe7f3c2a0287ea1d1a8a306cc58e0544d6537caf267a42,bc11e1507bb7280a01804a6f5673a1760c3d30f1,6a0d626e40fdbcce17dcd6db3e9dee2f40668de8704189ba0844f6d84e340056,13514603,uncontrolled; warmed by snapshot/hash,3,0.06362829999125097,0.078125,197677056,164265984,Windows GetProcessMemoryInfo; process-lifetime high-water,12611,"{""root.oks"": {""columns"": 72, ""rows"": 5055}, ""root.rv"": {""columns"": 50, ""rows"": 7556}}",ok,,1.2744629999942845
20260928T063749Z,monitoring_2_0,loader_new_process,18fef6b0b4970bda97fe7f3c2a0287ea1d1a8a306cc58e0544d6537caf267a42,bc11e1507bb7280a01804a6f5673a1760c3d30f1,6a0d626e40fdbcce17dcd6db3e9dee2f40668de8704189ba0844f6d84e340056,13514603,uncontrolled; warmed by snapshot/hash,4,0.06924109999090433,0.078125,197701632,164028416,Windows GetProcessMemoryInfo; process-lifetime high-water,12611,"{""root.oks"": {""columns"": 72, ""rows"": 5055}, ""root.rv"": {""columns"": 50, ""rows"": 7556}}",ok,,1.2673703000036767
20260928T063749Z,monitoring_2_0,loader_new_process,18fef6b0b4970bda97fe7f3c2a0287ea1d1a8a306cc58e0544d6537caf267a42,bc11e1507bb7280a01804a6f5673a1760c3d30f1,6a0d626e40fdbcce17dcd6db3e9dee2f40668de8704189ba0844f6d84e340056,13514603,uncontrolled; warmed by snapshot/hash,5,0.06162860000040382,0.0625,197533696,163606528,Windows GetProcessMemoryInfo; process-lifetime high-water,12611,"{""root.oks"": {""columns"": 72, ""rows"": 5055}, ""root.rv"": {""columns"": 50, ""rows"": 7556}}",ok,,1.2656084000045666
20260928T063749Z,monitoring_2_0,loader_warm_memory,18fef6b0b4970bda97fe7f3c2a0287ea1d1a8a306cc58e0544d6537caf267a42,bc11e1507bb7280a01804a6f5673a1760c3d30f1,6a0d626e40fdbcce17dcd6db3e9dee2f40668de8704189ba0844f6d84e340056,13514603,uncontrolled; warmed by snapshot/hash,1,0.024813500000163913,0.015625,197484544,164622336,Windows GetProcessMemoryInfo; process-lifetime high-water,12611,"{""root.oks"": {""columns"": 72, ""rows"": 5055}, ""root.rv"": {""columns"": 50, ""rows"": 7556}}",ok,,
20260928T063749Z,monitoring_2_0,loader_warm_memory,18fef6b0b4970bda97fe7f3c2a0287ea1d1a8a306cc58e0544d6537caf267a42,bc11e1507bb7280a01804a6f5673a1760c3d30f1,6a0d626e40fdbcce17dcd6db3e9dee2f40668de8704189ba0844f6d84e340056,13514603,uncontrolled; warmed by snapshot/hash,2,0.025626399990869686,0.03125,197484544,165183488,Windows GetProcessMemoryInfo; process-lifetime high-water,12611,"{""root.oks"": {""columns"": 72, ""rows"": 5055}, ""root.rv"": {""columns"": 50, ""rows"": 7556}}",ok,,
20260928T063749Z,monitoring_2_0,loader_warm_memory,18fef6b0b4970bda97fe7f3c2a0287ea1d1a8a306cc58e0544d6537caf267a42,bc11e1507bb7280a01804a6f5673a1760c3d30f1,6a0d626e40fdbcce17dcd6db3e9dee2f40668de8704189ba0844f6d84e340056,13514603,uncontrolled; warmed by snapshot/hash,3,0.024703100003534928,0.03125,197484544,165195776,Windows GetProcessMemoryInfo; process-lifetime high-water,12611,"{""root.oks"": {""columns"": 72, ""rows"": 5055}, ""root.rv"": {""columns"": 50, ""rows"": 7556}}",ok,,
20260928T063749Z,monitoring_2_0,loader_warm_memory,18fef6b0b4970bda97fe7f3c2a0287ea1d1a8a306cc58e0544d6537caf267a42,bc11e1507bb7280a01804a6f5673a1760c3d30f1,6a0d626e40fdbcce17dcd6db3e9dee2f40668de8704189ba0844f6d84e340056,13514603,uncontrolled; warmed by snapshot/hash,4,0.025370600007590838,0.03125,197484544,165232640,Windows GetProcessMemoryInfo; process-lifetime high-water,12611,"{""root.oks"": {""columns"": 72, ""rows"": 5055}, ""root.rv"": {""columns"": 50, ""rows"": 7556}}",ok,,
20260928T063749Z,monitoring_2_0,loader_warm_memory,18fef6b0b4970bda97fe7f3c2a0287ea1d1a8a306cc58e0544d6537caf267a42,bc11e1507bb7280a01804a6f5673a1760c3d30f1,6a0d626e40fdbcce17dcd6db3e9dee2f40668de8704189ba0844f6d84e340056,13514603,uncontrolled; warmed by snapshot/hash,5,0.025846299991826527,0.015625,197484544,165212160,Windows GetProcessMemoryInfo; process-lifetime high-water,12611,"{""root.oks"": {""columns"": 72, ""rows"": 5055}, ""root.rv"": {""columns"": 50, ""rows"": 7556}}",ok,,
20260928T063749Z,erzrf_top,pickle_new_process,18fef6b0b4970bda97fe7f3c2a0287ea1d1a8a306cc58e0544d6537caf267a42,bc11e1507bb7280a01804a6f5673a1760c3d30f1,8a365bd25ca42980abfefa6bfba2fa33fecdcf690445014fbc58588ce2c14e89,4351143,uncontrolled; warmed by snapshot/hash,1,0.010753099995781668,0.015625,87388160,87384064,Windows GetProcessMemoryInfo; process-lifetime high-water,19105,"{""root.nakopl_vvod.msk"": {""columns"": 15, ""rows"": 100}, ""root.nakopl_vvod.rf"": {""columns"": 15, ""rows"": 1481}, ""root.obyem_stroitelstva.msk"": {""columns"": 36, ""rows"": 133}, ""root.obyem_stroitelstva.rf"": {""columns"": 15, ""rows"": 2934}, ""root.obyem_vvoda.msk"": {""columns"": 36, ""rows"": 32}, ""root.obyem_vvoda.rf"": {""columns"": 15, ""rows"": 654}, ""root.obyem_vvoda_by_year.msk.2022"": {""columns"": 36, ""rows"": 67}, ""root.obyem_vvoda_by_year.msk.2023"": {""columns"": 36, ""rows"": 57}, ""root.obyem_vvoda_by_year.msk.2024"": {""columns"": 36, ""rows"": 59}, ""root.obyem_vvoda_by_year.msk.2025"": {""columns"": 36, ""rows"": 41}, ""root.obyem_vvoda_by_year.msk.2026"": {""columns"": 36, ""rows"": 32}, ""root.obyem_vvoda_by_year.rf.2022"": {""columns"": 15, ""rows"": 1445}, ""root.obyem_vvoda_by_year.rf.2023"": {""columns"": 15, ""rows"": 1481}, ""root.obyem_vvoda_by_year.rf.2024"": {""columns"": 15, ""rows"": 1467}, ""root.obyem_vvoda_by_year.rf.2025"": {""columns"": 15, ""rows"": 1421}, ""root.obyem_vvoda_by_year.rf.2026"": {""columns"": 15, ""rows"": 654}, ""root.potreb_kachestva.msk"": {""columns"": 10, ""rows"": 86}, ""root.potreb_kachestva.rf"": {""columns"": 10, ""rows"": 181}, ""root.skorost.msk"": {""columns"": 16, ""rows"": 231}, ""root.skorost.rf"": {""columns"": 16, ""rows"": 6549}}",ok,,0.6625390000117477
20260928T063749Z,erzrf_top,pickle_new_process,18fef6b0b4970bda97fe7f3c2a0287ea1d1a8a306cc58e0544d6537caf267a42,bc11e1507bb7280a01804a6f5673a1760c3d30f1,8a365bd25ca42980abfefa6bfba2fa33fecdcf690445014fbc58588ce2c14e89,4351143,uncontrolled; warmed by snapshot/hash,2,0.01037489999725949,0.0,87310336,87306240,Windows GetProcessMemoryInfo; process-lifetime high-water,19105,"{""root.nakopl_vvod.msk"": {""columns"": 15, ""rows"": 100}, ""root.nakopl_vvod.rf"": {""columns"": 15, ""rows"": 1481}, ""root.obyem_stroitelstva.msk"": {""columns"": 36, ""rows"": 133}, ""root.obyem_stroitelstva.rf"": {""columns"": 15, ""rows"": 2934}, ""root.obyem_vvoda.msk"": {""columns"": 36, ""rows"": 32}, ""root.obyem_vvoda.rf"": {""columns"": 15, ""rows"": 654}, ""root.obyem_vvoda_by_year.msk.2022"": {""columns"": 36, ""rows"": 67}, ""root.obyem_vvoda_by_year.msk.2023"": {""columns"": 36, ""rows"": 57}, ""root.obyem_vvoda_by_year.msk.2024"": {""columns"": 36, ""rows"": 59}, ""root.obyem_vvoda_by_year.msk.2025"": {""columns"": 36, ""rows"": 41}, ""root.obyem_vvoda_by_year.msk.2026"": {""columns"": 36, ""rows"": 32}, ""root.obyem_vvoda_by_year.rf.2022"": {""columns"": 15, ""rows"": 1445}, ""root.obyem_vvoda_by_year.rf.2023"": {""columns"": 15, ""rows"": 1481}, ""root.obyem_vvoda_by_year.rf.2024"": {""columns"": 15, ""rows"": 1467}, ""root.obyem_vvoda_by_year.rf.2025"": {""columns"": 15, ""rows"": 1421}, ""root.obyem_vvoda_by_year.rf.2026"": {""columns"": 15, ""rows"": 654}, ""root.potreb_kachestva.msk"": {""columns"": 10, ""rows"": 86}, ""root.potreb_kachestva.rf"": {""columns"": 10, ""rows"": 181}, ""root.skorost.msk"": {""columns"": 16, ""rows"": 231}, ""root.skorost.rf"": {""columns"": 16, ""rows"": 6549}}",ok,,0.6526018000004115
20260928T063749Z,erzrf_top,pickle_new_process,18fef6b0b4970bda97fe7f3c2a0287ea1d1a8a306cc58e0544d6537caf267a42,bc11e1507bb7280a01804a6f5673a1760c3d30f1,8a365bd25ca42980abfefa6bfba2fa33fecdcf690445014fbc58588ce2c14e89,4351143,uncontrolled; warmed by snapshot/hash,3,0.009644799996749498,0.0,87457792,87453696,Windows GetProcessMemoryInfo; process-lifetime high-water,19105,"{""root.nakopl_vvod.msk"": {""columns"": 15, ""rows"": 100}, ""root.nakopl_vvod.rf"": {""columns"": 15, ""rows"": 1481}, ""root.obyem_stroitelstva.msk"": {""columns"": 36, ""rows"": 133}, ""root.obyem_stroitelstva.rf"": {""columns"": 15, ""rows"": 2934}, ""root.obyem_vvoda.msk"": {""columns"": 36, ""rows"": 32}, ""root.obyem_vvoda.rf"": {""columns"": 15, ""rows"": 654}, ""root.obyem_vvoda_by_year.msk.2022"": {""columns"": 36, ""rows"": 67}, ""root.obyem_vvoda_by_year.msk.2023"": {""columns"": 36, ""rows"": 57}, ""root.obyem_vvoda_by_year.msk.2024"": {""columns"": 36, ""rows"": 59}, ""root.obyem_vvoda_by_year.msk.2025"": {""columns"": 36, ""rows"": 41}, ""root.obyem_vvoda_by_year.msk.2026"": {""columns"": 36, ""rows"": 32}, ""root.obyem_vvoda_by_year.rf.2022"": {""columns"": 15, ""rows"": 1445}, ""root.obyem_vvoda_by_year.rf.2023"": {""columns"": 15, ""rows"": 1481}, ""root.obyem_vvoda_by_year.rf.2024"": {""columns"": 15, ""rows"": 1467}, ""root.obyem_vvoda_by_year.rf.2025"": {""columns"": 15, ""rows"": 1421}, ""root.obyem_vvoda_by_year.rf.2026"": {""columns"": 15, ""rows"": 654}, ""root.potreb_kachestva.msk"": {""columns"": 10, ""rows"": 86}, ""root.potreb_kachestva.rf"": {""columns"": 10, ""rows"": 181}, ""root.skorost.msk"": {""columns"": 16, ""rows"": 231}, ""root.skorost.rf"": {""columns"": 16, ""rows"": 6549}}",ok,,0.6234021999989636
20260928T063749Z,erzrf_top,pickle_new_process,18fef6b0b4970bda97fe7f3c2a0287ea1d1a8a306cc58e0544d6537caf267a42,bc11e1507bb7280a01804a6f5673a1760c3d30f1,8a365bd25ca42980abfefa6bfba2fa33fecdcf690445014fbc58588ce2c14e89,4351143,uncontrolled; warmed by snapshot/hash,4,0.009821700004977174,0.015625,87339008,87334912,Windows GetProcessMemoryInfo; process-lifetime high-water,19105,"{""root.nakopl_vvod.msk"": {""columns"": 15, ""rows"": 100}, ""root.nakopl_vvod.rf"": {""columns"": 15, ""rows"": 1481}, ""root.obyem_stroitelstva.msk"": {""columns"": 36, ""rows"": 133}, ""root.obyem_stroitelstva.rf"": {""columns"": 15, ""rows"": 2934}, ""root.obyem_vvoda.msk"": {""columns"": 36, ""rows"": 32}, ""root.obyem_vvoda.rf"": {""columns"": 15, ""rows"": 654}, ""root.obyem_vvoda_by_year.msk.2022"": {""columns"": 36, ""rows"": 67}, ""root.obyem_vvoda_by_year.msk.2023"": {""columns"": 36, ""rows"": 57}, ""root.obyem_vvoda_by_year.msk.2024"": {""columns"": 36, ""rows"": 59}, ""root.obyem_vvoda_by_year.msk.2025"": {""columns"": 36, ""rows"": 41}, ""root.obyem_vvoda_by_year.msk.2026"": {""columns"": 36, ""rows"": 32}, ""root.obyem_vvoda_by_year.rf.2022"": {""columns"": 15, ""rows"": 1445}, ""root.obyem_vvoda_by_year.rf.2023"": {""columns"": 15, ""rows"": 1481}, ""root.obyem_vvoda_by_year.rf.2024"": {""columns"": 15, ""rows"": 1467}, ""root.obyem_vvoda_by_year.rf.2025"": {""columns"": 15, ""rows"": 1421}, ""root.obyem_vvoda_by_year.rf.2026"": {""columns"": 15, ""rows"": 654}, ""root.potreb_kachestva.msk"": {""columns"": 10, ""rows"": 86}, ""root.potreb_kachestva.rf"": {""columns"": 10, ""rows"": 181}, ""root.skorost.msk"": {""columns"": 16, ""rows"": 231}, ""root.skorost.rf"": {""columns"": 16, ""rows"": 6549}}",ok,,0.6305999999894993
20260928T063749Z,erzrf_top,pickle_new_process,18fef6b0b4970bda97fe7f3c2a0287ea1d1a8a306cc58e0544d6537caf267a42,bc11e1507bb7280a01804a6f5673a1760c3d30f1,8a365bd25ca42980abfefa6bfba2fa33fecdcf690445014fbc58588ce2c14e89,4351143,uncontrolled; warmed by snapshot/hash,5,0.009670699990238063,0.015625,87285760,87281664,Windows GetProcessMemoryInfo; process-lifetime high-water,19105,"{""root.nakopl_vvod.msk"": {""columns"": 15, ""rows"": 100}, ""root.nakopl_vvod.rf"": {""columns"": 15, ""rows"": 1481}, ""root.obyem_stroitelstva.msk"": {""columns"": 36, ""rows"": 133}, ""root.obyem_stroitelstva.rf"": {""columns"": 15, ""rows"": 2934}, ""root.obyem_vvoda.msk"": {""columns"": 36, ""rows"": 32}, ""root.obyem_vvoda.rf"": {""columns"": 15, ""rows"": 654}, ""root.obyem_vvoda_by_year.msk.2022"": {""columns"": 36, ""rows"": 67}, ""root.obyem_vvoda_by_year.msk.2023"": {""columns"": 36, ""rows"": 57}, ""root.obyem_vvoda_by_year.msk.2024"": {""columns"": 36, ""rows"": 59}, ""root.obyem_vvoda_by_year.msk.2025"": {""columns"": 36, ""rows"": 41}, ""root.obyem_vvoda_by_year.msk.2026"": {""columns"": 36, ""rows"": 32}, ""root.obyem_vvoda_by_year.rf.2022"": {""columns"": 15, ""rows"": 1445}, ""root.obyem_vvoda_by_year.rf.2023"": {""columns"": 15, ""rows"": 1481}, ""root.obyem_vvoda_by_year.rf.2024"": {""columns"": 15, ""rows"": 1467}, ""root.obyem_vvoda_by_year.rf.2025"": {""columns"": 15, ""rows"": 1421}, ""root.obyem_vvoda_by_year.rf.2026"": {""columns"": 15, ""rows"": 654}, ""root.potreb_kachestva.msk"": {""columns"": 10, ""rows"": 86}, ""root.potreb_kachestva.rf"": {""columns"": 10, ""rows"": 181}, ""root.skorost.msk"": {""columns"": 16, ""rows"": 231}, ""root.skorost.rf"": {""columns"": 16, ""rows"": 6549}}",ok,,0.610637299992959
20260928T063749Z,erzrf_top,loader_new_process,18fef6b0b4970bda97fe7f3c2a0287ea1d1a8a306cc58e0544d6537caf267a42,bc11e1507bb7280a01804a6f5673a1760c3d30f1,8a365bd25ca42980abfefa6bfba2fa33fecdcf690445014fbc58588ce2c14e89,4351143,uncontrolled; warmed by snapshot/hash,1,0.3422426000033738,0.3125,149999616,145338368,Windows GetProcessMemoryInfo; process-lifetime high-water,17524,"{""root.nakopl_vvod.msk"": {""columns"": 0, ""rows"": 0}, ""root.nakopl_vvod.rf"": {""columns"": 0, ""rows"": 0}, ""root.obyem_stroitelstva.msk"": {""columns"": 36, ""rows"": 133}, ""root.obyem_stroitelstva.rf"": {""columns"": 15, ""rows"": 2934}, ""root.obyem_vvoda.msk"": {""columns"": 36, ""rows"": 32}, ""root.obyem_vvoda.rf"": {""columns"": 15, ""rows"": 654}, ""root.obyem_vvoda_by_year.msk.2022"": {""columns"": 36, ""rows"": 67}, ""root.obyem_vvoda_by_year.msk.2023"": {""columns"": 36, ""rows"": 57}, ""root.obyem_vvoda_by_year.msk.2024"": {""columns"": 36, ""rows"": 59}, ""root.obyem_vvoda_by_year.msk.2025"": {""columns"": 36, ""rows"": 41}, ""root.obyem_vvoda_by_year.msk.2026"": {""columns"": 36, ""rows"": 32}, ""root.obyem_vvoda_by_year.rf.2022"": {""columns"": 15, ""rows"": 1445}, ""root.obyem_vvoda_by_year.rf.2023"": {""columns"": 15, ""rows"": 1481}, ""root.obyem_vvoda_by_year.rf.2024"": {""columns"": 15, ""rows"": 1467}, ""root.obyem_vvoda_by_year.rf.2025"": {""columns"": 15, ""rows"": 1421}, ""root.obyem_vvoda_by_year.rf.2026"": {""columns"": 15, ""rows"": 654}, ""root.potreb_kachestva.msk"": {""columns"": 10, ""rows"": 86}, ""root.potreb_kachestva.rf"": {""columns"": 10, ""rows"": 181}, ""root.skorost.msk"": {""columns"": 16, ""rows"": 231}, ""root.skorost.rf"": {""columns"": 16, ""rows"": 6549}}",ok,,1.549879799989867
20260928T063749Z,erzrf_top,loader_new_process,18fef6b0b4970bda97fe7f3c2a0287ea1d1a8a306cc58e0544d6537caf267a42,bc11e1507bb7280a01804a6f5673a1760c3d30f1,8a365bd25ca42980abfefa6bfba2fa33fecdcf690445014fbc58588ce2c14e89,4351143,uncontrolled; warmed by snapshot/hash,2,0.3394152999971993,0.28125,150007808,145080320,Windows GetProcessMemoryInfo; process-lifetime high-water,17524,"{""root.nakopl_vvod.msk"": {""columns"": 0, ""rows"": 0}, ""root.nakopl_vvod.rf"": {""columns"": 0, ""rows"": 0}, ""root.obyem_stroitelstva.msk"": {""columns"": 36, ""rows"": 133}, ""root.obyem_stroitelstva.rf"": {""columns"": 15, ""rows"": 2934}, ""root.obyem_vvoda.msk"": {""columns"": 36, ""rows"": 32}, ""root.obyem_vvoda.rf"": {""columns"": 15, ""rows"": 654}, ""root.obyem_vvoda_by_year.msk.2022"": {""columns"": 36, ""rows"": 67}, ""root.obyem_vvoda_by_year.msk.2023"": {""columns"": 36, ""rows"": 57}, ""root.obyem_vvoda_by_year.msk.2024"": {""columns"": 36, ""rows"": 59}, ""root.obyem_vvoda_by_year.msk.2025"": {""columns"": 36, ""rows"": 41}, ""root.obyem_vvoda_by_year.msk.2026"": {""columns"": 36, ""rows"": 32}, ""root.obyem_vvoda_by_year.rf.2022"": {""columns"": 15, ""rows"": 1445}, ""root.obyem_vvoda_by_year.rf.2023"": {""columns"": 15, ""rows"": 1481}, ""root.obyem_vvoda_by_year.rf.2024"": {""columns"": 15, ""rows"": 1467}, ""root.obyem_vvoda_by_year.rf.2025"": {""columns"": 15, ""rows"": 1421}, ""root.obyem_vvoda_by_year.rf.2026"": {""columns"": 15, ""rows"": 654}, ""root.potreb_kachestva.msk"": {""columns"": 10, ""rows"": 86}, ""root.potreb_kachestva.rf"": {""columns"": 10, ""rows"": 181}, ""root.skorost.msk"": {""columns"": 16, ""rows"": 231}, ""root.skorost.rf"": {""columns"": 16, ""rows"": 6549}}",ok,,1.5609083000017563
20260928T063749Z,erzrf_top,loader_new_process,18fef6b0b4970bda97fe7f3c2a0287ea1d1a8a306cc58e0544d6537caf267a42,bc11e1507bb7280a01804a6f5673a1760c3d30f1,8a365bd25ca42980abfefa6bfba2fa33fecdcf690445014fbc58588ce2c14e89,4351143,uncontrolled; warmed by snapshot/hash,3,0.34856059998855926,0.28125,150151168,145739776,Windows GetProcessMemoryInfo; process-lifetime high-water,17524,"{""root.nakopl_vvod.msk"": {""columns"": 0, ""rows"": 0}, ""root.nakopl_vvod.rf"": {""columns"": 0, ""rows"": 0}, ""root.obyem_stroitelstva.msk"": {""columns"": 36, ""rows"": 133}, ""root.obyem_stroitelstva.rf"": {""columns"": 15, ""rows"": 2934}, ""root.obyem_vvoda.msk"": {""columns"": 36, ""rows"": 32}, ""root.obyem_vvoda.rf"": {""columns"": 15, ""rows"": 654}, ""root.obyem_vvoda_by_year.msk.2022"": {""columns"": 36, ""rows"": 67}, ""root.obyem_vvoda_by_year.msk.2023"": {""columns"": 36, ""rows"": 57}, ""root.obyem_vvoda_by_year.msk.2024"": {""columns"": 36, ""rows"": 59}, ""root.obyem_vvoda_by_year.msk.2025"": {""columns"": 36, ""rows"": 41}, ""root.obyem_vvoda_by_year.msk.2026"": {""columns"": 36, ""rows"": 32}, ""root.obyem_vvoda_by_year.rf.2022"": {""columns"": 15, ""rows"": 1445}, ""root.obyem_vvoda_by_year.rf.2023"": {""columns"": 15, ""rows"": 1481}, ""root.obyem_vvoda_by_year.rf.2024"": {""columns"": 15, ""rows"": 1467}, ""root.obyem_vvoda_by_year.rf.2025"": {""columns"": 15, ""rows"": 1421}, ""root.obyem_vvoda_by_year.rf.2026"": {""columns"": 15, ""rows"": 654}, ""root.potreb_kachestva.msk"": {""columns"": 10, ""rows"": 86}, ""root.potreb_kachestva.rf"": {""columns"": 10, ""rows"": 181}, ""root.skorost.msk"": {""columns"": 16, ""rows"": 231}, ""root.skorost.rf"": {""columns"": 16, ""rows"": 6549}}",ok,,1.5654836000030627
20260928T063749Z,erzrf_top,loader_new_process,18fef6b0b4970bda97fe7f3c2a0287ea1d1a8a306cc58e0544d6537caf267a42,bc11e1507bb7280a01804a6f5673a1760c3d30f1,8a365bd25ca42980abfefa6bfba2fa33fecdcf690445014fbc58588ce2c14e89,4351143,uncontrolled; warmed by snapshot/hash,4,0.3517264999973122,0.3125,149745664,145534976,Windows GetProcessMemoryInfo; process-lifetime high-water,17524,"{""root.nakopl_vvod.msk"": {""columns"": 0, ""rows"": 0}, ""root.nakopl_vvod.rf"": {""columns"": 0, ""rows"": 0}, ""root.obyem_stroitelstva.msk"": {""columns"": 36, ""rows"": 133}, ""root.obyem_stroitelstva.rf"": {""columns"": 15, ""rows"": 2934}, ""root.obyem_vvoda.msk"": {""columns"": 36, ""rows"": 32}, ""root.obyem_vvoda.rf"": {""columns"": 15, ""rows"": 654}, ""root.obyem_vvoda_by_year.msk.2022"": {""columns"": 36, ""rows"": 67}, ""root.obyem_vvoda_by_year.msk.2023"": {""columns"": 36, ""rows"": 57}, ""root.obyem_vvoda_by_year.msk.2024"": {""columns"": 36, ""rows"": 59}, ""root.obyem_vvoda_by_year.msk.2025"": {""columns"": 36, ""rows"": 41}, ""root.obyem_vvoda_by_year.msk.2026"": {""columns"": 36, ""rows"": 32}, ""root.obyem_vvoda_by_year.rf.2022"": {""columns"": 15, ""rows"": 1445}, ""root.obyem_vvoda_by_year.rf.2023"": {""columns"": 15, ""rows"": 1481}, ""root.obyem_vvoda_by_year.rf.2024"": {""columns"": 15, ""rows"": 1467}, ""root.obyem_vvoda_by_year.rf.2025"": {""columns"": 15, ""rows"": 1421}, ""root.obyem_vvoda_by_year.rf.2026"": {""columns"": 15, ""rows"": 654}, ""root.potreb_kachestva.msk"": {""columns"": 10, ""rows"": 86}, ""root.potreb_kachestva.rf"": {""columns"": 10, ""rows"": 181}, ""root.skorost.msk"": {""columns"": 16, ""rows"": 231}, ""root.skorost.rf"": {""columns"": 16, ""rows"": 6549}}",ok,,1.604913300005137
20260928T063749Z,erzrf_top,loader_new_process,18fef6b0b4970bda97fe7f3c2a0287ea1d1a8a306cc58e0544d6537caf267a42,bc11e1507bb7280a01804a6f5673a1760c3d30f1,8a365bd25ca42980abfefa6bfba2fa33fecdcf690445014fbc58588ce2c14e89,4351143,uncontrolled; warmed by snapshot/hash,5,0.35763120000774506,0.34375,149987328,145321984,Windows GetProcessMemoryInfo; process-lifetime high-water,17524,"{""root.nakopl_vvod.msk"": {""columns"": 0, ""rows"": 0}, ""root.nakopl_vvod.rf"": {""columns"": 0, ""rows"": 0}, ""root.obyem_stroitelstva.msk"": {""columns"": 36, ""rows"": 133}, ""root.obyem_stroitelstva.rf"": {""columns"": 15, ""rows"": 2934}, ""root.obyem_vvoda.msk"": {""columns"": 36, ""rows"": 32}, ""root.obyem_vvoda.rf"": {""columns"": 15, ""rows"": 654}, ""root.obyem_vvoda_by_year.msk.2022"": {""columns"": 36, ""rows"": 67}, ""root.obyem_vvoda_by_year.msk.2023"": {""columns"": 36, ""rows"": 57}, ""root.obyem_vvoda_by_year.msk.2024"": {""columns"": 36, ""rows"": 59}, ""root.obyem_vvoda_by_year.msk.2025"": {""columns"": 36, ""rows"": 41}, ""root.obyem_vvoda_by_year.msk.2026"": {""columns"": 36, ""rows"": 32}, ""root.obyem_vvoda_by_year.rf.2022"": {""columns"": 15, ""rows"": 1445}, ""root.obyem_vvoda_by_year.rf.2023"": {""columns"": 15, ""rows"": 1481}, ""root.obyem_vvoda_by_year.rf.2024"": {""columns"": 15, ""rows"": 1467}, ""root.obyem_vvoda_by_year.rf.2025"": {""columns"": 15, ""rows"": 1421}, ""root.obyem_vvoda_by_year.rf.2026"": {""columns"": 15, ""rows"": 654}, ""root.potreb_kachestva.msk"": {""columns"": 10, ""rows"": 86}, ""root.potreb_kachestva.rf"": {""columns"": 10, ""rows"": 181}, ""root.skorost.msk"": {""columns"": 16, ""rows"": 231}, ""root.skorost.rf"": {""columns"": 16, ""rows"": 6549}}",ok,,1.6241858000139473
20260928T063749Z,erzrf_top,loader_warm_memory,18fef6b0b4970bda97fe7f3c2a0287ea1d1a8a306cc58e0544d6537caf267a42,bc11e1507bb7280a01804a6f5673a1760c3d30f1,8a365bd25ca42980abfefa6bfba2fa33fecdcf690445014fbc58588ce2c14e89,4351143,uncontrolled; warmed by snapshot/hash,1,0.008036300001549534,0.0,149786624,146259968,Windows GetProcessMemoryInfo; process-lifetime high-water,17524,"{""root.nakopl_vvod.msk"": {""columns"": 0, ""rows"": 0}, ""root.nakopl_vvod.rf"": {""columns"": 0, ""rows"": 0}, ""root.obyem_stroitelstva.msk"": {""columns"": 36, ""rows"": 133}, ""root.obyem_stroitelstva.rf"": {""columns"": 15, ""rows"": 2934}, ""root.obyem_vvoda.msk"": {""columns"": 36, ""rows"": 32}, ""root.obyem_vvoda.rf"": {""columns"": 15, ""rows"": 654}, ""root.obyem_vvoda_by_year.msk.2022"": {""columns"": 36, ""rows"": 67}, ""root.obyem_vvoda_by_year.msk.2023"": {""columns"": 36, ""rows"": 57}, ""root.obyem_vvoda_by_year.msk.2024"": {""columns"": 36, ""rows"": 59}, ""root.obyem_vvoda_by_year.msk.2025"": {""columns"": 36, ""rows"": 41}, ""root.obyem_vvoda_by_year.msk.2026"": {""columns"": 36, ""rows"": 32}, ""root.obyem_vvoda_by_year.rf.2022"": {""columns"": 15, ""rows"": 1445}, ""root.obyem_vvoda_by_year.rf.2023"": {""columns"": 15, ""rows"": 1481}, ""root.obyem_vvoda_by_year.rf.2024"": {""columns"": 15, ""rows"": 1467}, ""root.obyem_vvoda_by_year.rf.2025"": {""columns"": 15, ""rows"": 1421}, ""root.obyem_vvoda_by_year.rf.2026"": {""columns"": 15, ""rows"": 654}, ""root.potreb_kachestva.msk"": {""columns"": 10, ""rows"": 86}, ""root.potreb_kachestva.rf"": {""columns"": 10, ""rows"": 181}, ""root.skorost.msk"": {""columns"": 16, ""rows"": 231}, ""root.skorost.rf"": {""columns"": 16, ""rows"": 6549}}",ok,,
20260928T063749Z,erzrf_top,loader_warm_memory,18fef6b0b4970bda97fe7f3c2a0287ea1d1a8a306cc58e0544d6537caf267a42,bc11e1507bb7280a01804a6f5673a1760c3d30f1,8a365bd25ca42980abfefa6bfba2fa33fecdcf690445014fbc58588ce2c14e89,4351143,uncontrolled; warmed by snapshot/hash,2,0.007881500001531094,0.0,149786624,146305024,Windows GetProcessMemoryInfo; process-lifetime high-water,17524,"{""root.nakopl_vvod.msk"": {""columns"": 0, ""rows"": 0}, ""root.nakopl_vvod.rf"": {""columns"": 0, ""rows"": 0}, ""root.obyem_stroitelstva.msk"": {""columns"": 36, ""rows"": 133}, ""root.obyem_stroitelstva.rf"": {""columns"": 15, ""rows"": 2934}, ""root.obyem_vvoda.msk"": {""columns"": 36, ""rows"": 32}, ""root.obyem_vvoda.rf"": {""columns"": 15, ""rows"": 654}, ""root.obyem_vvoda_by_year.msk.2022"": {""columns"": 36, ""rows"": 67}, ""root.obyem_vvoda_by_year.msk.2023"": {""columns"": 36, ""rows"": 57}, ""root.obyem_vvoda_by_year.msk.2024"": {""columns"": 36, ""rows"": 59}, ""root.obyem_vvoda_by_year.msk.2025"": {""columns"": 36, ""rows"": 41}, ""root.obyem_vvoda_by_year.msk.2026"": {""columns"": 36, ""rows"": 32}, ""root.obyem_vvoda_by_year.rf.2022"": {""columns"": 15, ""rows"": 1445}, ""root.obyem_vvoda_by_year.rf.2023"": {""columns"": 15, ""rows"": 1481}, ""root.obyem_vvoda_by_year.rf.2024"": {""columns"": 15, ""rows"": 1467}, ""root.obyem_vvoda_by_year.rf.2025"": {""columns"": 15, ""rows"": 1421}, ""root.obyem_vvoda_by_year.rf.2026"": {""columns"": 15, ""rows"": 654}, ""root.potreb_kachestva.msk"": {""columns"": 10, ""rows"": 86}, ""root.potreb_kachestva.rf"": {""columns"": 10, ""rows"": 181}, ""root.skorost.msk"": {""columns"": 16, ""rows"": 231}, ""root.skorost.rf"": {""columns"": 16, ""rows"": 6549}}",ok,,
20260928T063749Z,erzrf_top,loader_warm_memory,18fef6b0b4970bda97fe7f3c2a0287ea1d1a8a306cc58e0544d6537caf267a42,bc11e1507bb7280a01804a6f5673a1760c3d30f1,8a365bd25ca42980abfefa6bfba2fa33fecdcf690445014fbc58588ce2c14e89,4351143,uncontrolled; warmed by snapshot/hash,3,0.007654899993212894,0.015625,149786624,146231296,Windows GetProcessMemoryInfo; process-lifetime high-water,17524,"{""root.nakopl_vvod.msk"": {""columns"": 0, ""rows"": 0}, ""root.nakopl_vvod.rf"": {""columns"": 0, ""rows"": 0}, ""root.obyem_stroitelstva.msk"": {""columns"": 36, ""rows"": 133}, ""root.obyem_stroitelstva.rf"": {""columns"": 15, ""rows"": 2934}, ""root.obyem_vvoda.msk"": {""columns"": 36, ""rows"": 32}, ""root.obyem_vvoda.rf"": {""columns"": 15, ""rows"": 654}, ""root.obyem_vvoda_by_year.msk.2022"": {""columns"": 36, ""rows"": 67}, ""root.obyem_vvoda_by_year.msk.2023"": {""columns"": 36, ""rows"": 57}, ""root.obyem_vvoda_by_year.msk.2024"": {""columns"": 36, ""rows"": 59}, ""root.obyem_vvoda_by_year.msk.2025"": {""columns"": 36, ""rows"": 41}, ""root.obyem_vvoda_by_year.msk.2026"": {""columns"": 36, ""rows"": 32}, ""root.obyem_vvoda_by_year.rf.2022"": {""columns"": 15, ""rows"": 1445}, ""root.obyem_vvoda_by_year.rf.2023"": {""columns"": 15, ""rows"": 1481}, ""root.obyem_vvoda_by_year.rf.2024"": {""columns"": 15, ""rows"": 1467}, ""root.obyem_vvoda_by_year.rf.2025"": {""columns"": 15, ""rows"": 1421}, ""root.obyem_vvoda_by_year.rf.2026"": {""columns"": 15, ""rows"": 654}, ""root.potreb_kachestva.msk"": {""columns"": 10, ""rows"": 86}, ""root.potreb_kachestva.rf"": {""columns"": 10, ""rows"": 181}, ""root.skorost.msk"": {""columns"": 16, ""rows"": 231}, ""root.skorost.rf"": {""columns"": 16, ""rows"": 6549}}",ok,,
20260928T063749Z,erzrf_top,loader_warm_memory,18fef6b0b4970bda97fe7f3c2a0287ea1d1a8a306cc58e0544d6537caf267a42,bc11e1507bb7280a01804a6f5673a1760c3d30f1,8a365bd25ca42980abfefa6bfba2fa33fecdcf690445014fbc58588ce2c14e89,4351143,uncontrolled; warmed by snapshot/hash,4,0.007377000001724809,0.0,149786624,146239488,Windows GetProcessMemoryInfo; process-lifetime high-water,17524,"{""root.nakopl_vvod.msk"": {""columns"": 0, ""rows"": 0}, ""root.nakopl_vvod.rf"": {""columns"": 0, ""rows"": 0}, ""root.obyem_stroitelstva.msk"": {""columns"": 36, ""rows"": 133}, ""root.obyem_stroitelstva.rf"": {""columns"": 15, ""rows"": 2934}, ""root.obyem_vvoda.msk"": {""columns"": 36, ""rows"": 32}, ""root.obyem_vvoda.rf"": {""columns"": 15, ""rows"": 654}, ""root.obyem_vvoda_by_year.msk.2022"": {""columns"": 36, ""rows"": 67}, ""root.obyem_vvoda_by_year.msk.2023"": {""columns"": 36, ""rows"": 57}, ""root.obyem_vvoda_by_year.msk.2024"": {""columns"": 36, ""rows"": 59}, ""root.obyem_vvoda_by_year.msk.2025"": {""columns"": 36, ""rows"": 41}, ""root.obyem_vvoda_by_year.msk.2026"": {""columns"": 36, ""rows"": 32}, ""root.obyem_vvoda_by_year.rf.2022"": {""columns"": 15, ""rows"": 1445}, ""root.obyem_vvoda_by_year.rf.2023"": {""columns"": 15, ""rows"": 1481}, ""root.obyem_vvoda_by_year.rf.2024"": {""columns"": 15, ""rows"": 1467}, ""root.obyem_vvoda_by_year.rf.2025"": {""columns"": 15, ""rows"": 1421}, ""root.obyem_vvoda_by_year.rf.2026"": {""columns"": 15, ""rows"": 654}, ""root.potreb_kachestva.msk"": {""columns"": 10, ""rows"": 86}, ""root.potreb_kachestva.rf"": {""columns"": 10, ""rows"": 181}, ""root.skorost.msk"": {""columns"": 16, ""rows"": 231}, ""root.skorost.rf"": {""columns"": 16, ""rows"": 6549}}",ok,,
20260928T063749Z,erzrf_top,loader_warm_memory,18fef6b0b4970bda97fe7f3c2a0287ea1d1a8a306cc58e0544d6537caf267a42,bc11e1507bb7280a01804a6f5673a1760c3d30f1,8a365bd25ca42980abfefa6bfba2fa33fecdcf690445014fbc58588ce2c14e89,4351143,uncontrolled; warmed by snapshot/hash,5,0.008097899990389124,0.015625,149786624,146239488,Windows GetProcessMemoryInfo; process-lifetime high-water,17524,"{""root.nakopl_vvod.msk"": {""columns"": 0, ""rows"": 0}, ""root.nakopl_vvod.rf"": {""columns"": 0, ""rows"": 0}, ""root.obyem_stroitelstva.msk"": {""columns"": 36, ""rows"": 133}, ""root.obyem_stroitelstva.rf"": {""columns"": 15, ""rows"": 2934}, ""root.obyem_vvoda.msk"": {""columns"": 36, ""rows"": 32}, ""root.obyem_vvoda.rf"": {""columns"": 15, ""rows"": 654}, ""root.obyem_vvoda_by_year.msk.2022"": {""columns"": 36, ""rows"": 67}, ""root.obyem_vvoda_by_year.msk.2023"": {""columns"": 36, ""rows"": 57}, ""root.obyem_vvoda_by_year.msk.2024"": {""columns"": 36, ""rows"": 59}, ""root.obyem_vvoda_by_year.msk.2025"": {""columns"": 36, ""rows"": 41}, ""root.obyem_vvoda_by_year.msk.2026"": {""columns"": 36, ""rows"": 32}, ""root.obyem_vvoda_by_year.rf.2022"": {""columns"": 15, ""rows"": 1445}, ""root.obyem_vvoda_by_year.rf.2023"": {""columns"": 15, ""rows"": 1481}, ""root.obyem_vvoda_by_year.rf.2024"": {""columns"": 15, ""rows"": 1467}, ""root.obyem_vvoda_by_year.rf.2025"": {""columns"": 15, ""rows"": 1421}, ""root.obyem_vvoda_by_year.rf.2026"": {""columns"": 15, ""rows"": 654}, ""root.potreb_kachestva.msk"": {""columns"": 10, ""rows"": 86}, ""root.potreb_kachestva.rf"": {""columns"": 10, ""rows"": 181}, ""root.skorost.msk"": {""columns"": 16, ""rows"": 231}, ""root.skorost.rf"": {""columns"": 16, ""rows"": 6549}}",ok,,
20260928T063749Z,erzrf_cards,pickle_new_process,18fef6b0b4970bda97fe7f3c2a0287ea1d1a8a306cc58e0544d6537caf267a42,bc11e1507bb7280a01804a6f5673a1760c3d30f1,e9f180a60df4a510182b2af620773b547d11ec3e3844e79b07840710cc68685f,114909,uncontrolled; warmed by snapshot/hash,1,0.0014230999950086698,0.0,81383424,81379328,Windows GetProcessMemoryInfo; process-lifetime high-water,100,"{""root"": {""columns"": 82, ""rows"": 100}}",ok,,0.6007843999977922
20260928T063749Z,erzrf_cards,pickle_new_process,18fef6b0b4970bda97fe7f3c2a0287ea1d1a8a306cc58e0544d6537caf267a42,bc11e1507bb7280a01804a6f5673a1760c3d30f1,e9f180a60df4a510182b2af620773b547d11ec3e3844e79b07840710cc68685f,114909,uncontrolled; warmed by snapshot/hash,2,0.001363799994578585,0.0,81281024,81276928,Windows GetProcessMemoryInfo; process-lifetime high-water,100,"{""root"": {""columns"": 82, ""rows"": 100}}",ok,,0.5887321000045631
20260928T063749Z,erzrf_cards,pickle_new_process,18fef6b0b4970bda97fe7f3c2a0287ea1d1a8a306cc58e0544d6537caf267a42,bc11e1507bb7280a01804a6f5673a1760c3d30f1,e9f180a60df4a510182b2af620773b547d11ec3e3844e79b07840710cc68685f,114909,uncontrolled; warmed by snapshot/hash,3,0.001285300008021295,0.0,81252352,81248256,Windows GetProcessMemoryInfo; process-lifetime high-water,100,"{""root"": {""columns"": 82, ""rows"": 100}}",ok,,0.579332199995406
20260928T063749Z,erzrf_cards,pickle_new_process,18fef6b0b4970bda97fe7f3c2a0287ea1d1a8a306cc58e0544d6537caf267a42,bc11e1507bb7280a01804a6f5673a1760c3d30f1,e9f180a60df4a510182b2af620773b547d11ec3e3844e79b07840710cc68685f,114909,uncontrolled; warmed by snapshot/hash,4,0.0012807999883079901,0.0,81272832,81268736,Windows GetProcessMemoryInfo; process-lifetime high-water,100,"{""root"": {""columns"": 82, ""rows"": 100}}",ok,,0.5967629000078887
20260928T063749Z,erzrf_cards,pickle_new_process,18fef6b0b4970bda97fe7f3c2a0287ea1d1a8a306cc58e0544d6537caf267a42,bc11e1507bb7280a01804a6f5673a1760c3d30f1,e9f180a60df4a510182b2af620773b547d11ec3e3844e79b07840710cc68685f,114909,uncontrolled; warmed by snapshot/hash,5,0.0014350999990710989,0.0,81317888,81313792,Windows GetProcessMemoryInfo; process-lifetime high-water,100,"{""root"": {""columns"": 82, ""rows"": 100}}",ok,,0.6078663999942364
20260928T063749Z,erzrf_cards,loader_new_process,18fef6b0b4970bda97fe7f3c2a0287ea1d1a8a306cc58e0544d6537caf267a42,bc11e1507bb7280a01804a6f5673a1760c3d30f1,e9f180a60df4a510182b2af620773b547d11ec3e3844e79b07840710cc68685f,114909,uncontrolled; warmed by snapshot/hash,1,0.0046384999877773225,0.0,120418304,120414208,Windows GetProcessMemoryInfo; process-lifetime high-water,100,"{""root"": {""columns"": 82, ""rows"": 100}}",ok,,1.2181818999961251
20260928T063749Z,erzrf_cards,loader_new_process,18fef6b0b4970bda97fe7f3c2a0287ea1d1a8a306cc58e0544d6537caf267a42,bc11e1507bb7280a01804a6f5673a1760c3d30f1,e9f180a60df4a510182b2af620773b547d11ec3e3844e79b07840710cc68685f,114909,uncontrolled; warmed by snapshot/hash,2,0.004551599995465949,0.0,120283136,120279040,Windows GetProcessMemoryInfo; process-lifetime high-water,100,"{""root"": {""columns"": 82, ""rows"": 100}}",ok,,1.127711499997531
20260928T063749Z,erzrf_cards,loader_new_process,18fef6b0b4970bda97fe7f3c2a0287ea1d1a8a306cc58e0544d6537caf267a42,bc11e1507bb7280a01804a6f5673a1760c3d30f1,e9f180a60df4a510182b2af620773b547d11ec3e3844e79b07840710cc68685f,114909,uncontrolled; warmed by snapshot/hash,3,0.004701300000306219,0.0,120930304,120926208,Windows GetProcessMemoryInfo; process-lifetime high-water,100,"{""root"": {""columns"": 82, ""rows"": 100}}",ok,,1.1553691000008257
20260928T063749Z,erzrf_cards,loader_new_process,18fef6b0b4970bda97fe7f3c2a0287ea1d1a8a306cc58e0544d6537caf267a42,bc11e1507bb7280a01804a6f5673a1760c3d30f1,e9f180a60df4a510182b2af620773b547d11ec3e3844e79b07840710cc68685f,114909,uncontrolled; warmed by snapshot/hash,4,0.00518259999807924,0.015625,120381440,120377344,Windows GetProcessMemoryInfo; process-lifetime high-water,100,"{""root"": {""columns"": 82, ""rows"": 100}}",ok,,1.1383186000020942
20260928T063749Z,erzrf_cards,loader_new_process,18fef6b0b4970bda97fe7f3c2a0287ea1d1a8a306cc58e0544d6537caf267a42,bc11e1507bb7280a01804a6f5673a1760c3d30f1,e9f180a60df4a510182b2af620773b547d11ec3e3844e79b07840710cc68685f,114909,uncontrolled; warmed by snapshot/hash,5,0.004768800004967488,0.0,120610816,120606720,Windows GetProcessMemoryInfo; process-lifetime high-water,100,"{""root"": {""columns"": 82, ""rows"": 100}}",ok,,1.1342005000042263
20260928T063749Z,erzrf_cards,loader_warm_memory,18fef6b0b4970bda97fe7f3c2a0287ea1d1a8a306cc58e0544d6537caf267a42,bc11e1507bb7280a01804a6f5673a1760c3d30f1,e9f180a60df4a510182b2af620773b547d11ec3e3844e79b07840710cc68685f,114909,uncontrolled; warmed by snapshot/hash,1,0.0007817999867256731,0.0,120606720,120602624,Windows GetProcessMemoryInfo; process-lifetime high-water,100,"{""root"": {""columns"": 82, ""rows"": 100}}",ok,,
20260928T063749Z,erzrf_cards,loader_warm_memory,18fef6b0b4970bda97fe7f3c2a0287ea1d1a8a306cc58e0544d6537caf267a42,bc11e1507bb7280a01804a6f5673a1760c3d30f1,e9f180a60df4a510182b2af620773b547d11ec3e3844e79b07840710cc68685f,114909,uncontrolled; warmed by snapshot/hash,2,0.0007841999904485419,0.0,120606720,120602624,Windows GetProcessMemoryInfo; process-lifetime high-water,100,"{""root"": {""columns"": 82, ""rows"": 100}}",ok,,
20260928T063749Z,erzrf_cards,loader_warm_memory,18fef6b0b4970bda97fe7f3c2a0287ea1d1a8a306cc58e0544d6537caf267a42,bc11e1507bb7280a01804a6f5673a1760c3d30f1,e9f180a60df4a510182b2af620773b547d11ec3e3844e79b07840710cc68685f,114909,uncontrolled; warmed by snapshot/hash,3,0.0007691999926464632,0.0,120606720,120602624,Windows GetProcessMemoryInfo; process-lifetime high-water,100,"{""root"": {""columns"": 82, ""rows"": 100}}",ok,,
20260928T063749Z,erzrf_cards,loader_warm_memory,18fef6b0b4970bda97fe7f3c2a0287ea1d1a8a306cc58e0544d6537caf267a42,bc11e1507bb7280a01804a6f5673a1760c3d30f1,e9f180a60df4a510182b2af620773b547d11ec3e3844e79b07840710cc68685f,114909,uncontrolled; warmed by snapshot/hash,4,0.0008161000005202368,0.0,120610816,120606720,Windows GetProcessMemoryInfo; process-lifetime high-water,100,"{""root"": {""columns"": 82, ""rows"": 100}}",ok,,
20260928T063749Z,erzrf_cards,loader_warm_memory,18fef6b0b4970bda97fe7f3c2a0287ea1d1a8a306cc58e0544d6537caf267a42,bc11e1507bb7280a01804a6f5673a1760c3d30f1,e9f180a60df4a510182b2af620773b547d11ec3e3844e79b07840710cc68685f,114909,uncontrolled; warmed by snapshot/hash,5,0.0007631999906152487,0.0,120614912,120610816,Windows GetProcessMemoryInfo; process-lifetime high-water,100,"{""root"": {""columns"": 82, ""rows"": 100}}",ok,,
20260928T063749Z,escrow_manual,pickle_new_process,18fef6b0b4970bda97fe7f3c2a0287ea1d1a8a306cc58e0544d6537caf267a42,bc11e1507bb7280a01804a6f5673a1760c3d30f1,c7dc9e32a77fbc4c050b51d4dda554815034f8756f96b4c22ea1f703a893d06c,326849,uncontrolled; warmed by snapshot/hash,1,0.0009504000045126304,0.0,81461248,81457152,Windows GetProcessMemoryInfo; process-lifetime high-water,536,"{""root"": {""columns"": 22, ""rows"": 536}}",ok,,0.5886914000002434
20260928T063749Z,escrow_manual,pickle_new_process,18fef6b0b4970bda97fe7f3c2a0287ea1d1a8a306cc58e0544d6537caf267a42,bc11e1507bb7280a01804a6f5673a1760c3d30f1,c7dc9e32a77fbc4c050b51d4dda554815034f8756f96b4c22ea1f703a893d06c,326849,uncontrolled; warmed by snapshot/hash,2,0.0010283000010531396,0.0,81448960,81444864,Windows GetProcessMemoryInfo; process-lifetime high-water,536,"{""root"": {""columns"": 22, ""rows"": 536}}",ok,,0.5806139000051189
20260928T063749Z,escrow_manual,pickle_new_process,18fef6b0b4970bda97fe7f3c2a0287ea1d1a8a306cc58e0544d6537caf267a42,bc11e1507bb7280a01804a6f5673a1760c3d30f1,c7dc9e32a77fbc4c050b51d4dda554815034f8756f96b4c22ea1f703a893d06c,326849,uncontrolled; warmed by snapshot/hash,3,0.000983200006885454,0.0,81199104,81195008,Windows GetProcessMemoryInfo; process-lifetime high-water,536,"{""root"": {""columns"": 22, ""rows"": 536}}",ok,,0.5684807999932673
20260928T063749Z,escrow_manual,pickle_new_process,18fef6b0b4970bda97fe7f3c2a0287ea1d1a8a306cc58e0544d6537caf267a42,bc11e1507bb7280a01804a6f5673a1760c3d30f1,c7dc9e32a77fbc4c050b51d4dda554815034f8756f96b4c22ea1f703a893d06c,326849,uncontrolled; warmed by snapshot/hash,4,0.0008923000132199377,0.0,81412096,81408000,Windows GetProcessMemoryInfo; process-lifetime high-water,536,"{""root"": {""columns"": 22, ""rows"": 536}}",ok,,0.5852029000088805
20260928T063749Z,escrow_manual,pickle_new_process,18fef6b0b4970bda97fe7f3c2a0287ea1d1a8a306cc58e0544d6537caf267a42,bc11e1507bb7280a01804a6f5673a1760c3d30f1,c7dc9e32a77fbc4c050b51d4dda554815034f8756f96b4c22ea1f703a893d06c,326849,uncontrolled; warmed by snapshot/hash,5,0.0009267999994335696,0.0,81313792,81309696,Windows GetProcessMemoryInfo; process-lifetime high-water,536,"{""root"": {""columns"": 22, ""rows"": 536}}",ok,,0.579632799999672
20260928T063749Z,escrow_manual,loader_new_process,18fef6b0b4970bda97fe7f3c2a0287ea1d1a8a306cc58e0544d6537caf267a42,bc11e1507bb7280a01804a6f5673a1760c3d30f1,c7dc9e32a77fbc4c050b51d4dda554815034f8756f96b4c22ea1f703a893d06c,326849,uncontrolled; warmed by snapshot/hash,1,0.003099899986409582,0.0,121028608,121024512,Windows GetProcessMemoryInfo; process-lifetime high-water,536,"{""root"": {""columns"": 22, ""rows"": 536}}",ok,,1.163044799992349
20260928T063749Z,escrow_manual,loader_new_process,18fef6b0b4970bda97fe7f3c2a0287ea1d1a8a306cc58e0544d6537caf267a42,bc11e1507bb7280a01804a6f5673a1760c3d30f1,c7dc9e32a77fbc4c050b51d4dda554815034f8756f96b4c22ea1f703a893d06c,326849,uncontrolled; warmed by snapshot/hash,2,0.0029389000119408593,0.0,120967168,120963072,Windows GetProcessMemoryInfo; process-lifetime high-water,536,"{""root"": {""columns"": 22, ""rows"": 536}}",ok,,1.126997899991693
20260928T063749Z,escrow_manual,loader_new_process,18fef6b0b4970bda97fe7f3c2a0287ea1d1a8a306cc58e0544d6537caf267a42,bc11e1507bb7280a01804a6f5673a1760c3d30f1,c7dc9e32a77fbc4c050b51d4dda554815034f8756f96b4c22ea1f703a893d06c,326849,uncontrolled; warmed by snapshot/hash,3,0.002963499995530583,0.0,121380864,121376768,Windows GetProcessMemoryInfo; process-lifetime high-water,536,"{""root"": {""columns"": 22, ""rows"": 536}}",ok,,1.1635533999942709
20260928T063749Z,escrow_manual,loader_new_process,18fef6b0b4970bda97fe7f3c2a0287ea1d1a8a306cc58e0544d6537caf267a42,bc11e1507bb7280a01804a6f5673a1760c3d30f1,c7dc9e32a77fbc4c050b51d4dda554815034f8756f96b4c22ea1f703a893d06c,326849,uncontrolled; warmed by snapshot/hash,4,0.0031927999953040853,0.0,121020416,121016320,Windows GetProcessMemoryInfo; process-lifetime high-water,536,"{""root"": {""columns"": 22, ""rows"": 536}}",ok,,1.147025999991456
20260928T063749Z,escrow_manual,loader_new_process,18fef6b0b4970bda97fe7f3c2a0287ea1d1a8a306cc58e0544d6537caf267a42,bc11e1507bb7280a01804a6f5673a1760c3d30f1,c7dc9e32a77fbc4c050b51d4dda554815034f8756f96b4c22ea1f703a893d06c,326849,uncontrolled; warmed by snapshot/hash,5,0.0030994999979157,0.015625,121339904,121335808,Windows GetProcessMemoryInfo; process-lifetime high-water,536,"{""root"": {""columns"": 22, ""rows"": 536}}",ok,,1.1547216000035405
20260928T063749Z,escrow_manual,loader_warm_memory,18fef6b0b4970bda97fe7f3c2a0287ea1d1a8a306cc58e0544d6537caf267a42,bc11e1507bb7280a01804a6f5673a1760c3d30f1,c7dc9e32a77fbc4c050b51d4dda554815034f8756f96b4c22ea1f703a893d06c,326849,uncontrolled; warmed by snapshot/hash,1,0.0004695999959949404,0.0,121188352,121184256,Windows GetProcessMemoryInfo; process-lifetime high-water,536,"{""root"": {""columns"": 22, ""rows"": 536}}",ok,,
20260928T063749Z,escrow_manual,loader_warm_memory,18fef6b0b4970bda97fe7f3c2a0287ea1d1a8a306cc58e0544d6537caf267a42,bc11e1507bb7280a01804a6f5673a1760c3d30f1,c7dc9e32a77fbc4c050b51d4dda554815034f8756f96b4c22ea1f703a893d06c,326849,uncontrolled; warmed by snapshot/hash,2,0.0004143000114709139,0.0,121192448,121188352,Windows GetProcessMemoryInfo; process-lifetime high-water,536,"{""root"": {""columns"": 22, ""rows"": 536}}",ok,,
20260928T063749Z,escrow_manual,loader_warm_memory,18fef6b0b4970bda97fe7f3c2a0287ea1d1a8a306cc58e0544d6537caf267a42,bc11e1507bb7280a01804a6f5673a1760c3d30f1,c7dc9e32a77fbc4c050b51d4dda554815034f8756f96b4c22ea1f703a893d06c,326849,uncontrolled; warmed by snapshot/hash,3,0.00033239999902434647,0.015625,121192448,121188352,Windows GetProcessMemoryInfo; process-lifetime high-water,536,"{""root"": {""columns"": 22, ""rows"": 536}}",ok,,
20260928T063749Z,escrow_manual,loader_warm_memory,18fef6b0b4970bda97fe7f3c2a0287ea1d1a8a306cc58e0544d6537caf267a42,bc11e1507bb7280a01804a6f5673a1760c3d30f1,c7dc9e32a77fbc4c050b51d4dda554815034f8756f96b4c22ea1f703a893d06c,326849,uncontrolled; warmed by snapshot/hash,4,0.0003938000008929521,0.0,121200640,121196544,Windows GetProcessMemoryInfo; process-lifetime high-water,536,"{""root"": {""columns"": 22, ""rows"": 536}}",ok,,
20260928T063749Z,escrow_manual,loader_warm_memory,18fef6b0b4970bda97fe7f3c2a0287ea1d1a8a306cc58e0544d6537caf267a42,bc11e1507bb7280a01804a6f5673a1760c3d30f1,c7dc9e32a77fbc4c050b51d4dda554815034f8756f96b4c22ea1f703a893d06c,326849,uncontrolled; warmed by snapshot/hash,5,0.00035940000088885427,0.0,121204736,121200640,Windows GetProcessMemoryInfo; process-lifetime high-water,536,"{""root"": {""columns"": 22, ""rows"": 536}}",ok,,
20260928T063749Z,rasprodannost,pickle_new_process,18fef6b0b4970bda97fe7f3c2a0287ea1d1a8a306cc58e0544d6537caf267a42,bc11e1507bb7280a01804a6f5673a1760c3d30f1,1ca41f1fc82405008d123f58eabf6dbac605c352d8b44d6529841b269620e1e4,41524324,uncontrolled; warmed by snapshot/hash,1,0.01523319999978412,0.0,123133952,123129856,Windows GetProcessMemoryInfo; process-lifetime high-water,198665,"{""root.by_class"": {""columns"": 15, ""rows"": 616}, ""root.by_dev_volume"": {""columns"": 15, ""rows"": 770}, ""root.by_population"": {""columns"": 15, ""rows"": 341}, ""root.developers"": {""columns"": 15, ""rows"": 194749}, ""root.fed_okruga"": {""columns"": 15, ""rows"": 726}, ""root.kpi"": {""columns"": 45, ""rows"": 616}, ""root.regions"": {""columns"": 15, ""rows"": 847}}",ok,,0.60511889999907
20260928T063749Z,rasprodannost,pickle_new_process,18fef6b0b4970bda97fe7f3c2a0287ea1d1a8a306cc58e0544d6537caf267a42,bc11e1507bb7280a01804a6f5673a1760c3d30f1,1ca41f1fc82405008d123f58eabf6dbac605c352d8b44d6529841b269620e1e4,41524324,uncontrolled; warmed by snapshot/hash,2,0.016997000013361685,0.015625,123125760,123121664,Windows GetProcessMemoryInfo; process-lifetime high-water,198665,"{""root.by_class"": {""columns"": 15, ""rows"": 616}, ""root.by_dev_volume"": {""columns"": 15, ""rows"": 770}, ""root.by_population"": {""columns"": 15, ""rows"": 341}, ""root.developers"": {""columns"": 15, ""rows"": 194749}, ""root.fed_okruga"": {""columns"": 15, ""rows"": 726}, ""root.kpi"": {""columns"": 45, ""rows"": 616}, ""root.regions"": {""columns"": 15, ""rows"": 847}}",ok,,0.6154444999992847
20260928T063749Z,rasprodannost,pickle_new_process,18fef6b0b4970bda97fe7f3c2a0287ea1d1a8a306cc58e0544d6537caf267a42,bc11e1507bb7280a01804a6f5673a1760c3d30f1,1ca41f1fc82405008d123f58eabf6dbac605c352d8b44d6529841b269620e1e4,41524324,uncontrolled; warmed by snapshot/hash,3,0.01681970000208821,0.015625,122667008,122662912,Windows GetProcessMemoryInfo; process-lifetime high-water,198665,"{""root.by_class"": {""columns"": 15, ""rows"": 616}, ""root.by_dev_volume"": {""columns"": 15, ""rows"": 770}, ""root.by_population"": {""columns"": 15, ""rows"": 341}, ""root.developers"": {""columns"": 15, ""rows"": 194749}, ""root.fed_okruga"": {""columns"": 15, ""rows"": 726}, ""root.kpi"": {""columns"": 45, ""rows"": 616}, ""root.regions"": {""columns"": 15, ""rows"": 847}}",ok,,0.5958976999972947
20260928T063749Z,rasprodannost,pickle_new_process,18fef6b0b4970bda97fe7f3c2a0287ea1d1a8a306cc58e0544d6537caf267a42,bc11e1507bb7280a01804a6f5673a1760c3d30f1,1ca41f1fc82405008d123f58eabf6dbac605c352d8b44d6529841b269620e1e4,41524324,uncontrolled; warmed by snapshot/hash,4,0.0159991000109585,0.015625,122974208,122970112,Windows GetProcessMemoryInfo; process-lifetime high-water,198665,"{""root.by_class"": {""columns"": 15, ""rows"": 616}, ""root.by_dev_volume"": {""columns"": 15, ""rows"": 770}, ""root.by_population"": {""columns"": 15, ""rows"": 341}, ""root.developers"": {""columns"": 15, ""rows"": 194749}, ""root.fed_okruga"": {""columns"": 15, ""rows"": 726}, ""root.kpi"": {""columns"": 45, ""rows"": 616}, ""root.regions"": {""columns"": 15, ""rows"": 847}}",ok,,0.5978845000063302
20260928T063749Z,rasprodannost,pickle_new_process,18fef6b0b4970bda97fe7f3c2a0287ea1d1a8a306cc58e0544d6537caf267a42,bc11e1507bb7280a01804a6f5673a1760c3d30f1,1ca41f1fc82405008d123f58eabf6dbac605c352d8b44d6529841b269620e1e4,41524324,uncontrolled; warmed by snapshot/hash,5,0.01750420000462327,0.015625,123064320,123060224,Windows GetProcessMemoryInfo; process-lifetime high-water,198665,"{""root.by_class"": {""columns"": 15, ""rows"": 616}, ""root.by_dev_volume"": {""columns"": 15, ""rows"": 770}, ""root.by_population"": {""columns"": 15, ""rows"": 341}, ""root.developers"": {""columns"": 15, ""rows"": 194749}, ""root.fed_okruga"": {""columns"": 15, ""rows"": 726}, ""root.kpi"": {""columns"": 45, ""rows"": 616}, ""root.regions"": {""columns"": 15, ""rows"": 847}}",ok,,0.596672400002717
20260928T063749Z,rasprodannost,loader_new_process,18fef6b0b4970bda97fe7f3c2a0287ea1d1a8a306cc58e0544d6537caf267a42,bc11e1507bb7280a01804a6f5673a1760c3d30f1,1ca41f1fc82405008d123f58eabf6dbac605c352d8b44d6529841b269620e1e4,41524324,uncontrolled; warmed by snapshot/hash,1,0.06106159999035299,0.0625,308686848,235225088,Windows GetProcessMemoryInfo; process-lifetime high-water,198665,"{""root.by_class"": {""columns"": 15, ""rows"": 616}, ""root.by_dev_volume"": {""columns"": 15, ""rows"": 770}, ""root.by_population"": {""columns"": 15, ""rows"": 341}, ""root.developers"": {""columns"": 15, ""rows"": 194749}, ""root.fed_okruga"": {""columns"": 15, ""rows"": 726}, ""root.kpi"": {""columns"": 45, ""rows"": 616}, ""root.regions"": {""columns"": 15, ""rows"": 847}}",ok,,1.2205951000069035
20260928T063749Z,rasprodannost,loader_new_process,18fef6b0b4970bda97fe7f3c2a0287ea1d1a8a306cc58e0544d6537caf267a42,bc11e1507bb7280a01804a6f5673a1760c3d30f1,1ca41f1fc82405008d123f58eabf6dbac605c352d8b44d6529841b269620e1e4,41524324,uncontrolled; warmed by snapshot/hash,2,0.06221580000419635,0.0625,308686848,235425792,Windows GetProcessMemoryInfo; process-lifetime high-water,198665,"{""root.by_class"": {""columns"": 15, ""rows"": 616}, ""root.by_dev_volume"": {""columns"": 15, ""rows"": 770}, ""root.by_population"": {""columns"": 15, ""rows"": 341}, ""root.developers"": {""columns"": 15, ""rows"": 194749}, ""root.fed_okruga"": {""columns"": 15, ""rows"": 726}, ""root.kpi"": {""columns"": 45, ""rows"": 616}, ""root.regions"": {""columns"": 15, ""rows"": 847}}",ok,,1.214375099996687
20260928T063749Z,rasprodannost,loader_new_process,18fef6b0b4970bda97fe7f3c2a0287ea1d1a8a306cc58e0544d6537caf267a42,bc11e1507bb7280a01804a6f5673a1760c3d30f1,1ca41f1fc82405008d123f58eabf6dbac605c352d8b44d6529841b269620e1e4,41524324,uncontrolled; warmed by snapshot/hash,3,0.06122509999840986,0.0625,308699136,236011520,Windows GetProcessMemoryInfo; process-lifetime high-water,198665,"{""root.by_class"": {""columns"": 15, ""rows"": 616}, ""root.by_dev_volume"": {""columns"": 15, ""rows"": 770}, ""root.by_population"": {""columns"": 15, ""rows"": 341}, ""root.developers"": {""columns"": 15, ""rows"": 194749}, ""root.fed_okruga"": {""columns"": 15, ""rows"": 726}, ""root.kpi"": {""columns"": 45, ""rows"": 616}, ""root.regions"": {""columns"": 15, ""rows"": 847}}",ok,,1.2107547000050545
20260928T063749Z,rasprodannost,loader_new_process,18fef6b0b4970bda97fe7f3c2a0287ea1d1a8a306cc58e0544d6537caf267a42,bc11e1507bb7280a01804a6f5673a1760c3d30f1,1ca41f1fc82405008d123f58eabf6dbac605c352d8b44d6529841b269620e1e4,41524324,uncontrolled; warmed by snapshot/hash,4,0.06137589999707416,0.0625,308613120,236634112,Windows GetProcessMemoryInfo; process-lifetime high-water,198665,"{""root.by_class"": {""columns"": 15, ""rows"": 616}, ""root.by_dev_volume"": {""columns"": 15, ""rows"": 770}, ""root.by_population"": {""columns"": 15, ""rows"": 341}, ""root.developers"": {""columns"": 15, ""rows"": 194749}, ""root.fed_okruga"": {""columns"": 15, ""rows"": 726}, ""root.kpi"": {""columns"": 45, ""rows"": 616}, ""root.regions"": {""columns"": 15, ""rows"": 847}}",ok,,1.218896800011862
20260928T063749Z,rasprodannost,loader_new_process,18fef6b0b4970bda97fe7f3c2a0287ea1d1a8a306cc58e0544d6537caf267a42,bc11e1507bb7280a01804a6f5673a1760c3d30f1,1ca41f1fc82405008d123f58eabf6dbac605c352d8b44d6529841b269620e1e4,41524324,uncontrolled; warmed by snapshot/hash,5,0.06329299999924842,0.0625,308740096,235712512,Windows GetProcessMemoryInfo; process-lifetime high-water,198665,"{""root.by_class"": {""columns"": 15, ""rows"": 616}, ""root.by_dev_volume"": {""columns"": 15, ""rows"": 770}, ""root.by_population"": {""columns"": 15, ""rows"": 341}, ""root.developers"": {""columns"": 15, ""rows"": 194749}, ""root.fed_okruga"": {""columns"": 15, ""rows"": 726}, ""root.kpi"": {""columns"": 45, ""rows"": 616}, ""root.regions"": {""columns"": 15, ""rows"": 847}}",ok,,1.2753179999999702
20260928T063749Z,rasprodannost,loader_warm_memory,18fef6b0b4970bda97fe7f3c2a0287ea1d1a8a306cc58e0544d6537caf267a42,bc11e1507bb7280a01804a6f5673a1760c3d30f1,1ca41f1fc82405008d123f58eabf6dbac605c352d8b44d6529841b269620e1e4,41524324,uncontrolled; warmed by snapshot/hash,1,0.018099000008078292,0.03125,308617216,235630592,Windows GetProcessMemoryInfo; process-lifetime high-water,198665,"{""root.by_class"": {""columns"": 15, ""rows"": 616}, ""root.by_dev_volume"": {""columns"": 15, ""rows"": 770}, ""root.by_population"": {""columns"": 15, ""rows"": 341}, ""root.developers"": {""columns"": 15, ""rows"": 194749}, ""root.fed_okruga"": {""columns"": 15, ""rows"": 726}, ""root.kpi"": {""columns"": 45, ""rows"": 616}, ""root.regions"": {""columns"": 15, ""rows"": 847}}",ok,,
20260928T063749Z,rasprodannost,loader_warm_memory,18fef6b0b4970bda97fe7f3c2a0287ea1d1a8a306cc58e0544d6537caf267a42,bc11e1507bb7280a01804a6f5673a1760c3d30f1,1ca41f1fc82405008d123f58eabf6dbac605c352d8b44d6529841b269620e1e4,41524324,uncontrolled; warmed by snapshot/hash,2,0.018012100001215003,0.015625,308617216,235597824,Windows GetProcessMemoryInfo; process-lifetime high-water,198665,"{""root.by_class"": {""columns"": 15, ""rows"": 616}, ""root.by_dev_volume"": {""columns"": 15, ""rows"": 770}, ""root.by_population"": {""columns"": 15, ""rows"": 341}, ""root.developers"": {""columns"": 15, ""rows"": 194749}, ""root.fed_okruga"": {""columns"": 15, ""rows"": 726}, ""root.kpi"": {""columns"": 45, ""rows"": 616}, ""root.regions"": {""columns"": 15, ""rows"": 847}}",ok,,
20260928T063749Z,rasprodannost,loader_warm_memory,18fef6b0b4970bda97fe7f3c2a0287ea1d1a8a306cc58e0544d6537caf267a42,bc11e1507bb7280a01804a6f5673a1760c3d30f1,1ca41f1fc82405008d123f58eabf6dbac605c352d8b44d6529841b269620e1e4,41524324,uncontrolled; warmed by snapshot/hash,3,0.018141900000046007,0.015625,308617216,235683840,Windows GetProcessMemoryInfo; process-lifetime high-water,198665,"{""root.by_class"": {""columns"": 15, ""rows"": 616}, ""root.by_dev_volume"": {""columns"": 15, ""rows"": 770}, ""root.by_population"": {""columns"": 15, ""rows"": 341}, ""root.developers"": {""columns"": 15, ""rows"": 194749}, ""root.fed_okruga"": {""columns"": 15, ""rows"": 726}, ""root.kpi"": {""columns"": 45, ""rows"": 616}, ""root.regions"": {""columns"": 15, ""rows"": 847}}",ok,,
20260928T063749Z,rasprodannost,loader_warm_memory,18fef6b0b4970bda97fe7f3c2a0287ea1d1a8a306cc58e0544d6537caf267a42,bc11e1507bb7280a01804a6f5673a1760c3d30f1,1ca41f1fc82405008d123f58eabf6dbac605c352d8b44d6529841b269620e1e4,41524324,uncontrolled; warmed by snapshot/hash,4,0.018246599996928126,0.015625,308617216,235696128,Windows GetProcessMemoryInfo; process-lifetime high-water,198665,"{""root.by_class"": {""columns"": 15, ""rows"": 616}, ""root.by_dev_volume"": {""columns"": 15, ""rows"": 770}, ""root.by_population"": {""columns"": 15, ""rows"": 341}, ""root.developers"": {""columns"": 15, ""rows"": 194749}, ""root.fed_okruga"": {""columns"": 15, ""rows"": 726}, ""root.kpi"": {""columns"": 45, ""rows"": 616}, ""root.regions"": {""columns"": 15, ""rows"": 847}}",ok,,
20260928T063749Z,rasprodannost,loader_warm_memory,18fef6b0b4970bda97fe7f3c2a0287ea1d1a8a306cc58e0544d6537caf267a42,bc11e1507bb7280a01804a6f5673a1760c3d30f1,1ca41f1fc82405008d123f58eabf6dbac605c352d8b44d6529841b269620e1e4,41524324,uncontrolled; warmed by snapshot/hash,5,0.01933870000357274,0.03125,308617216,235577344,Windows GetProcessMemoryInfo; process-lifetime high-water,198665,"{""root.by_class"": {""columns"": 15, ""rows"": 616}, ""root.by_dev_volume"": {""columns"": 15, ""rows"": 770}, ""root.by_population"": {""columns"": 15, ""rows"": 341}, ""root.developers"": {""columns"": 15, ""rows"": 194749}, ""root.fed_okruga"": {""columns"": 15, ""rows"": 726}, ""root.kpi"": {""columns"": 45, ""rows"": 616}, ""root.regions"": {""columns"": 15, ""rows"": 847}}",ok,,
20260928T063749Z,vvod_static,pickle_new_process,18fef6b0b4970bda97fe7f3c2a0287ea1d1a8a306cc58e0544d6537caf267a42,bc11e1507bb7280a01804a6f5673a1760c3d30f1,3f8e8600ced1823d80abec2b28a3823ff3a78c42d1eb30ed2ec583d5f6fbede5,4746,uncontrolled; warmed by snapshot/hash,1,0.000986300001386553,0.0,81420288,81416192,Windows GetProcessMemoryInfo; process-lifetime high-water,75,"{""root.msk_nonres"": {""columns"": 4, ""rows"": 15}, ""root.msk_nonres_branches"": {""columns"": 5, ""rows"": 15}, ""root.msk_residential"": {""columns"": 3, ""rows"": 15}, ""root.msk_total"": {""columns"": 3, ""rows"": 15}, ""root.rf_total"": {""columns"": 4, ""rows"": 15}}",ok,,0.6152603999944404
20260928T063749Z,vvod_static,pickle_new_process,18fef6b0b4970bda97fe7f3c2a0287ea1d1a8a306cc58e0544d6537caf267a42,bc11e1507bb7280a01804a6f5673a1760c3d30f1,3f8e8600ced1823d80abec2b28a3823ff3a78c42d1eb30ed2ec583d5f6fbede5,4746,uncontrolled; warmed by snapshot/hash,2,0.000829399999929592,0.0,81190912,81186816,Windows GetProcessMemoryInfo; process-lifetime high-water,75,"{""root.msk_nonres"": {""columns"": 4, ""rows"": 15}, ""root.msk_nonres_branches"": {""columns"": 5, ""rows"": 15}, ""root.msk_residential"": {""columns"": 3, ""rows"": 15}, ""root.msk_total"": {""columns"": 3, ""rows"": 15}, ""root.rf_total"": {""columns"": 4, ""rows"": 15}}",ok,,0.6168362000025809
20260928T063749Z,vvod_static,pickle_new_process,18fef6b0b4970bda97fe7f3c2a0287ea1d1a8a306cc58e0544d6537caf267a42,bc11e1507bb7280a01804a6f5673a1760c3d30f1,3f8e8600ced1823d80abec2b28a3823ff3a78c42d1eb30ed2ec583d5f6fbede5,4746,uncontrolled; warmed by snapshot/hash,3,0.0008538999973097816,0.0,81260544,81256448,Windows GetProcessMemoryInfo; process-lifetime high-water,75,"{""root.msk_nonres"": {""columns"": 4, ""rows"": 15}, ""root.msk_nonres_branches"": {""columns"": 5, ""rows"": 15}, ""root.msk_residential"": {""columns"": 3, ""rows"": 15}, ""root.msk_total"": {""columns"": 3, ""rows"": 15}, ""root.rf_total"": {""columns"": 4, ""rows"": 15}}",ok,,0.6441211000055773
20260928T063749Z,vvod_static,pickle_new_process,18fef6b0b4970bda97fe7f3c2a0287ea1d1a8a306cc58e0544d6537caf267a42,bc11e1507bb7280a01804a6f5673a1760c3d30f1,3f8e8600ced1823d80abec2b28a3823ff3a78c42d1eb30ed2ec583d5f6fbede5,4746,uncontrolled; warmed by snapshot/hash,4,0.0010424000065540895,0.0,81154048,81149952,Windows GetProcessMemoryInfo; process-lifetime high-water,75,"{""root.msk_nonres"": {""columns"": 4, ""rows"": 15}, ""root.msk_nonres_branches"": {""columns"": 5, ""rows"": 15}, ""root.msk_residential"": {""columns"": 3, ""rows"": 15}, ""root.msk_total"": {""columns"": 3, ""rows"": 15}, ""root.rf_total"": {""columns"": 4, ""rows"": 15}}",ok,,0.6128010000102222
20260928T063749Z,vvod_static,pickle_new_process,18fef6b0b4970bda97fe7f3c2a0287ea1d1a8a306cc58e0544d6537caf267a42,bc11e1507bb7280a01804a6f5673a1760c3d30f1,3f8e8600ced1823d80abec2b28a3823ff3a78c42d1eb30ed2ec583d5f6fbede5,4746,uncontrolled; warmed by snapshot/hash,5,0.0009913999965647236,0.0,81170432,81166336,Windows GetProcessMemoryInfo; process-lifetime high-water,75,"{""root.msk_nonres"": {""columns"": 4, ""rows"": 15}, ""root.msk_nonres_branches"": {""columns"": 5, ""rows"": 15}, ""root.msk_residential"": {""columns"": 3, ""rows"": 15}, ""root.msk_total"": {""columns"": 3, ""rows"": 15}, ""root.rf_total"": {""columns"": 4, ""rows"": 15}}",ok,,0.6317356000072323
20260928T063749Z,vvod_static,loader_new_process,18fef6b0b4970bda97fe7f3c2a0287ea1d1a8a306cc58e0544d6537caf267a42,bc11e1507bb7280a01804a6f5673a1760c3d30f1,3f8e8600ced1823d80abec2b28a3823ff3a78c42d1eb30ed2ec583d5f6fbede5,4746,uncontrolled; warmed by snapshot/hash,1,0.003445299997110851,0.0,120176640,120172544,Windows GetProcessMemoryInfo; process-lifetime high-water,75,"{""root.msk_nonres"": {""columns"": 4, ""rows"": 15}, ""root.msk_nonres_branches"": {""columns"": 5, ""rows"": 15}, ""root.msk_residential"": {""columns"": 3, ""rows"": 15}, ""root.msk_total"": {""columns"": 3, ""rows"": 15}, ""root.rf_total"": {""columns"": 4, ""rows"": 15}}",ok,,1.1783728000009432
20260928T063749Z,vvod_static,loader_new_process,18fef6b0b4970bda97fe7f3c2a0287ea1d1a8a306cc58e0544d6537caf267a42,bc11e1507bb7280a01804a6f5673a1760c3d30f1,3f8e8600ced1823d80abec2b28a3823ff3a78c42d1eb30ed2ec583d5f6fbede5,4746,uncontrolled; warmed by snapshot/hash,2,0.0034198000066680834,0.015625,120291328,120287232,Windows GetProcessMemoryInfo; process-lifetime high-water,75,"{""root.msk_nonres"": {""columns"": 4, ""rows"": 15}, ""root.msk_nonres_branches"": {""columns"": 5, ""rows"": 15}, ""root.msk_residential"": {""columns"": 3, ""rows"": 15}, ""root.msk_total"": {""columns"": 3, ""rows"": 15}, ""root.rf_total"": {""columns"": 4, ""rows"": 15}}",ok,,1.2181549000088125
20260928T063749Z,vvod_static,loader_new_process,18fef6b0b4970bda97fe7f3c2a0287ea1d1a8a306cc58e0544d6537caf267a42,bc11e1507bb7280a01804a6f5673a1760c3d30f1,3f8e8600ced1823d80abec2b28a3823ff3a78c42d1eb30ed2ec583d5f6fbede5,4746,uncontrolled; warmed by snapshot/hash,3,0.00348330000997521,0.015625,120508416,120504320,Windows GetProcessMemoryInfo; process-lifetime high-water,75,"{""root.msk_nonres"": {""columns"": 4, ""rows"": 15}, ""root.msk_nonres_branches"": {""columns"": 5, ""rows"": 15}, ""root.msk_residential"": {""columns"": 3, ""rows"": 15}, ""root.msk_total"": {""columns"": 3, ""rows"": 15}, ""root.rf_total"": {""columns"": 4, ""rows"": 15}}",ok,,1.207414599994081
20260928T063749Z,vvod_static,loader_new_process,18fef6b0b4970bda97fe7f3c2a0287ea1d1a8a306cc58e0544d6537caf267a42,bc11e1507bb7280a01804a6f5673a1760c3d30f1,3f8e8600ced1823d80abec2b28a3823ff3a78c42d1eb30ed2ec583d5f6fbede5,4746,uncontrolled; warmed by snapshot/hash,4,0.0033925000025192276,0.0,120287232,120283136,Windows GetProcessMemoryInfo; process-lifetime high-water,75,"{""root.msk_nonres"": {""columns"": 4, ""rows"": 15}, ""root.msk_nonres_branches"": {""columns"": 5, ""rows"": 15}, ""root.msk_residential"": {""columns"": 3, ""rows"": 15}, ""root.msk_total"": {""columns"": 3, ""rows"": 15}, ""root.rf_total"": {""columns"": 4, ""rows"": 15}}",ok,,1.2078002000052948
20260928T063749Z,vvod_static,loader_new_process,18fef6b0b4970bda97fe7f3c2a0287ea1d1a8a306cc58e0544d6537caf267a42,bc11e1507bb7280a01804a6f5673a1760c3d30f1,3f8e8600ced1823d80abec2b28a3823ff3a78c42d1eb30ed2ec583d5f6fbede5,4746,uncontrolled; warmed by snapshot/hash,5,0.0037139000050956383,0.0,120414208,120410112,Windows GetProcessMemoryInfo; process-lifetime high-water,75,"{""root.msk_nonres"": {""columns"": 4, ""rows"": 15}, ""root.msk_nonres_branches"": {""columns"": 5, ""rows"": 15}, ""root.msk_residential"": {""columns"": 3, ""rows"": 15}, ""root.msk_total"": {""columns"": 3, ""rows"": 15}, ""root.rf_total"": {""columns"": 4, ""rows"": 15}}",ok,,1.2171423999971012
20260928T063749Z,vvod_static,loader_warm_memory,18fef6b0b4970bda97fe7f3c2a0287ea1d1a8a306cc58e0544d6537caf267a42,bc11e1507bb7280a01804a6f5673a1760c3d30f1,3f8e8600ced1823d80abec2b28a3823ff3a78c42d1eb30ed2ec583d5f6fbede5,4746,uncontrolled; warmed by snapshot/hash,1,0.00042139999277424067,0.0,119967744,119963648,Windows GetProcessMemoryInfo; process-lifetime high-water,75,"{""root.msk_nonres"": {""columns"": 4, ""rows"": 15}, ""root.msk_nonres_branches"": {""columns"": 5, ""rows"": 15}, ""root.msk_residential"": {""columns"": 3, ""rows"": 15}, ""root.msk_total"": {""columns"": 3, ""rows"": 15}, ""root.rf_total"": {""columns"": 4, ""rows"": 15}}",ok,,
20260928T063749Z,vvod_static,loader_warm_memory,18fef6b0b4970bda97fe7f3c2a0287ea1d1a8a306cc58e0544d6537caf267a42,bc11e1507bb7280a01804a6f5673a1760c3d30f1,3f8e8600ced1823d80abec2b28a3823ff3a78c42d1eb30ed2ec583d5f6fbede5,4746,uncontrolled; warmed by snapshot/hash,2,0.00039659999310970306,0.0,119975936,119971840,Windows GetProcessMemoryInfo; process-lifetime high-water,75,"{""root.msk_nonres"": {""columns"": 4, ""rows"": 15}, ""root.msk_nonres_branches"": {""columns"": 5, ""rows"": 15}, ""root.msk_residential"": {""columns"": 3, ""rows"": 15}, ""root.msk_total"": {""columns"": 3, ""rows"": 15}, ""root.rf_total"": {""columns"": 4, ""rows"": 15}}",ok,,
20260928T063749Z,vvod_static,loader_warm_memory,18fef6b0b4970bda97fe7f3c2a0287ea1d1a8a306cc58e0544d6537caf267a42,bc11e1507bb7280a01804a6f5673a1760c3d30f1,3f8e8600ced1823d80abec2b28a3823ff3a78c42d1eb30ed2ec583d5f6fbede5,4746,uncontrolled; warmed by snapshot/hash,3,0.0003690000012284145,0.0,119980032,119975936,Windows GetProcessMemoryInfo; process-lifetime high-water,75,"{""root.msk_nonres"": {""columns"": 4, ""rows"": 15}, ""root.msk_nonres_branches"": {""columns"": 5, ""rows"": 15}, ""root.msk_residential"": {""columns"": 3, ""rows"": 15}, ""root.msk_total"": {""columns"": 3, ""rows"": 15}, ""root.rf_total"": {""columns"": 4, ""rows"": 15}}",ok,,
20260928T063749Z,vvod_static,loader_warm_memory,18fef6b0b4970bda97fe7f3c2a0287ea1d1a8a306cc58e0544d6537caf267a42,bc11e1507bb7280a01804a6f5673a1760c3d30f1,3f8e8600ced1823d80abec2b28a3823ff3a78c42d1eb30ed2ec583d5f6fbede5,4746,uncontrolled; warmed by snapshot/hash,4,0.0003662000090116635,0.0,119988224,119984128,Windows GetProcessMemoryInfo; process-lifetime high-water,75,"{""root.msk_nonres"": {""columns"": 4, ""rows"": 15}, ""root.msk_nonres_branches"": {""columns"": 5, ""rows"": 15}, ""root.msk_residential"": {""columns"": 3, ""rows"": 15}, ""root.msk_total"": {""columns"": 3, ""rows"": 15}, ""root.rf_total"": {""columns"": 4, ""rows"": 15}}",ok,,
20260928T063749Z,vvod_static,loader_warm_memory,18fef6b0b4970bda97fe7f3c2a0287ea1d1a8a306cc58e0544d6537caf267a42,bc11e1507bb7280a01804a6f5673a1760c3d30f1,3f8e8600ced1823d80abec2b28a3823ff3a78c42d1eb30ed2ec583d5f6fbede5,4746,uncontrolled; warmed by snapshot/hash,5,0.0004126999992877245,0.0,119996416,119992320,Windows GetProcessMemoryInfo; process-lifetime high-water,75,"{""root.msk_nonres"": {""columns"": 4, ""rows"": 15}, ""root.msk_nonres_branches"": {""columns"": 5, ""rows"": 15}, ""root.msk_residential"": {""columns"": 3, ""rows"": 15}, ""root.msk_total"": {""columns"": 3, ""rows"": 15}, ""root.rf_total"": {""columns"": 4, ""rows"": 15}}",ok,,
20260928T063749Z,emiss_34118,pickle_new_process,18fef6b0b4970bda97fe7f3c2a0287ea1d1a8a306cc58e0544d6537caf267a42,bc11e1507bb7280a01804a6f5673a1760c3d30f1,5693e3ae66541a68eb323703e51106df14427eec98f9262b9b69dbaf99021c6c,1166,uncontrolled; warmed by snapshot/hash,1,0.0005323999939719215,0.0,81096704,81092608,Windows GetProcessMemoryInfo; process-lifetime high-water,11,"{""root"": {""columns"": 3, ""rows"": 11}}",ok,,0.6226565999968443
20260928T063749Z,emiss_34118,pickle_new_process,18fef6b0b4970bda97fe7f3c2a0287ea1d1a8a306cc58e0544d6537caf267a42,bc11e1507bb7280a01804a6f5673a1760c3d30f1,5693e3ae66541a68eb323703e51106df14427eec98f9262b9b69dbaf99021c6c,1166,uncontrolled; warmed by snapshot/hash,2,0.0005435000057332218,0.0,81309696,81305600,Windows GetProcessMemoryInfo; process-lifetime high-water,11,"{""root"": {""columns"": 3, ""rows"": 11}}",ok,,0.6176495999970939
20260928T063749Z,emiss_34118,pickle_new_process,18fef6b0b4970bda97fe7f3c2a0287ea1d1a8a306cc58e0544d6537caf267a42,bc11e1507bb7280a01804a6f5673a1760c3d30f1,5693e3ae66541a68eb323703e51106df14427eec98f9262b9b69dbaf99021c6c,1166,uncontrolled; warmed by snapshot/hash,3,0.0005980999994790182,0.0,81088512,81084416,Windows GetProcessMemoryInfo; process-lifetime high-water,11,"{""root"": {""columns"": 3, ""rows"": 11}}",ok,,0.6162483999942197
20260928T063749Z,emiss_34118,pickle_new_process,18fef6b0b4970bda97fe7f3c2a0287ea1d1a8a306cc58e0544d6537caf267a42,bc11e1507bb7280a01804a6f5673a1760c3d30f1,5693e3ae66541a68eb323703e51106df14427eec98f9262b9b69dbaf99021c6c,1166,uncontrolled; warmed by snapshot/hash,4,0.0005318999901646748,0.0,81469440,81465344,Windows GetProcessMemoryInfo; process-lifetime high-water,11,"{""root"": {""columns"": 3, ""rows"": 11}}",ok,,0.6085850000090431
20260928T063749Z,emiss_34118,pickle_new_process,18fef6b0b4970bda97fe7f3c2a0287ea1d1a8a306cc58e0544d6537caf267a42,bc11e1507bb7280a01804a6f5673a1760c3d30f1,5693e3ae66541a68eb323703e51106df14427eec98f9262b9b69dbaf99021c6c,1166,uncontrolled; warmed by snapshot/hash,5,0.0005455000064102933,0.0,81264640,81260544,Windows GetProcessMemoryInfo; process-lifetime high-water,11,"{""root"": {""columns"": 3, ""rows"": 11}}",ok,,0.6119522000080906
20260928T063749Z,emiss_34118,loader_new_process,18fef6b0b4970bda97fe7f3c2a0287ea1d1a8a306cc58e0544d6537caf267a42,bc11e1507bb7280a01804a6f5673a1760c3d30f1,5693e3ae66541a68eb323703e51106df14427eec98f9262b9b69dbaf99021c6c,1166,uncontrolled; warmed by snapshot/hash,1,0.0029572000057669356,0.0,120156160,120152064,Windows GetProcessMemoryInfo; process-lifetime high-water,11,"{""root"": {""columns"": 3, ""rows"": 11}}",ok,,1.2081941999931587
20260928T063749Z,emiss_34118,loader_new_process,18fef6b0b4970bda97fe7f3c2a0287ea1d1a8a306cc58e0544d6537caf267a42,bc11e1507bb7280a01804a6f5673a1760c3d30f1,5693e3ae66541a68eb323703e51106df14427eec98f9262b9b69dbaf99021c6c,1166,uncontrolled; warmed by snapshot/hash,2,0.003440900007262826,0.0,120066048,120061952,Windows GetProcessMemoryInfo; process-lifetime high-water,11,"{""root"": {""columns"": 3, ""rows"": 11}}",ok,,1.2492038999916986
20260928T063749Z,emiss_34118,loader_new_process,18fef6b0b4970bda97fe7f3c2a0287ea1d1a8a306cc58e0544d6537caf267a42,bc11e1507bb7280a01804a6f5673a1760c3d30f1,5693e3ae66541a68eb323703e51106df14427eec98f9262b9b69dbaf99021c6c,1166,uncontrolled; warmed by snapshot/hash,3,0.0033155000128317624,0.015625,120102912,120098816,Windows GetProcessMemoryInfo; process-lifetime high-water,11,"{""root"": {""columns"": 3, ""rows"": 11}}",ok,,1.2760455000097863
20260928T063749Z,emiss_34118,loader_new_process,18fef6b0b4970bda97fe7f3c2a0287ea1d1a8a306cc58e0544d6537caf267a42,bc11e1507bb7280a01804a6f5673a1760c3d30f1,5693e3ae66541a68eb323703e51106df14427eec98f9262b9b69dbaf99021c6c,1166,uncontrolled; warmed by snapshot/hash,4,0.0028470999968703836,0.015625,120193024,120188928,Windows GetProcessMemoryInfo; process-lifetime high-water,11,"{""root"": {""columns"": 3, ""rows"": 11}}",ok,,1.1918045000056736
20260928T063749Z,emiss_34118,loader_new_process,18fef6b0b4970bda97fe7f3c2a0287ea1d1a8a306cc58e0544d6537caf267a42,bc11e1507bb7280a01804a6f5673a1760c3d30f1,5693e3ae66541a68eb323703e51106df14427eec98f9262b9b69dbaf99021c6c,1166,uncontrolled; warmed by snapshot/hash,5,0.002746999991359189,0.015625,120090624,120086528,Windows GetProcessMemoryInfo; process-lifetime high-water,11,"{""root"": {""columns"": 3, ""rows"": 11}}",ok,,1.1425556000031065
20260928T063749Z,emiss_34118,loader_warm_memory,18fef6b0b4970bda97fe7f3c2a0287ea1d1a8a306cc58e0544d6537caf267a42,bc11e1507bb7280a01804a6f5673a1760c3d30f1,5693e3ae66541a68eb323703e51106df14427eec98f9262b9b69dbaf99021c6c,1166,uncontrolled; warmed by snapshot/hash,1,0.0001740000006975606,0.0,120250368,120246272,Windows GetProcessMemoryInfo; process-lifetime high-water,11,"{""root"": {""columns"": 3, ""rows"": 11}}",ok,,
20260928T063749Z,emiss_34118,loader_warm_memory,18fef6b0b4970bda97fe7f3c2a0287ea1d1a8a306cc58e0544d6537caf267a42,bc11e1507bb7280a01804a6f5673a1760c3d30f1,5693e3ae66541a68eb323703e51106df14427eec98f9262b9b69dbaf99021c6c,1166,uncontrolled; warmed by snapshot/hash,2,0.00014709999959450215,0.0,120250368,120246272,Windows GetProcessMemoryInfo; process-lifetime high-water,11,"{""root"": {""columns"": 3, ""rows"": 11}}",ok,,
20260928T063749Z,emiss_34118,loader_warm_memory,18fef6b0b4970bda97fe7f3c2a0287ea1d1a8a306cc58e0544d6537caf267a42,bc11e1507bb7280a01804a6f5673a1760c3d30f1,5693e3ae66541a68eb323703e51106df14427eec98f9262b9b69dbaf99021c6c,1166,uncontrolled; warmed by snapshot/hash,3,0.0001348000077996403,0.0,120258560,120254464,Windows GetProcessMemoryInfo; process-lifetime high-water,11,"{""root"": {""columns"": 3, ""rows"": 11}}",ok,,
20260928T063749Z,emiss_34118,loader_warm_memory,18fef6b0b4970bda97fe7f3c2a0287ea1d1a8a306cc58e0544d6537caf267a42,bc11e1507bb7280a01804a6f5673a1760c3d30f1,5693e3ae66541a68eb323703e51106df14427eec98f9262b9b69dbaf99021c6c,1166,uncontrolled; warmed by snapshot/hash,4,0.0001362999901175499,0.0,120262656,120258560,Windows GetProcessMemoryInfo; process-lifetime high-water,11,"{""root"": {""columns"": 3, ""rows"": 11}}",ok,,
20260928T063749Z,emiss_34118,loader_warm_memory,18fef6b0b4970bda97fe7f3c2a0287ea1d1a8a306cc58e0544d6537caf267a42,bc11e1507bb7280a01804a6f5673a1760c3d30f1,5693e3ae66541a68eb323703e51106df14427eec98f9262b9b69dbaf99021c6c,1166,uncontrolled; warmed by snapshot/hash,5,0.00013179999950807542,0.0,120270848,120266752,Windows GetProcessMemoryInfo; process-lifetime high-water,11,"{""root"": {""columns"": 3, ""rows"": 11}}",ok,,
