path,role,size_bytes,mtime_ns,sha256
app/Home.py,source,8553,1783453767035237500,b37fb89f7c82bc5fb9ff6c56d36d4ed1bebd4f25bd0f114f9583d98163a799ed
app/__init__.py,source,0,1783282857526718000,e3b0c44298fc1c149afbf4c8996fb92427ae41e4649b934ca495991b7852b855
app/audit.py,source,13074,1783432321738514400,12fca5dbb7ba5e75a69bc808c565db4cda27d401a2bf0d2e2f75da0ca8efdb57
app/components/__init__.py,source,0,1783282857527709800,e3b0c44298fc1c149afbf4c8996fb92427ae41e4649b934ca495991b7852b855
app/components/design.py,source,21919,1784540747152439200,d12555afc62fb1e28675a8f55b9aa49f4bf7bda01b705367694bce4fb3453cdd
app/components/export.py,source,2657,1783282857527709800,069a2c150e11373e6034a2c6837154d66c9bb9b16b55e07906484fad0a892e70
app/data_access.py,source,75537,1790577037033009800,5783fc98ff3befc7468bbae9008af8782482ff7369541dce32b31dd1581aec52
app/pages/1_Заработная_плата.py,source,11699,1783452964188583500,bf4ab7405e7096f4b3fdcf2509d1342e613ff105c1346c18a4bda11706a82863
app/pages/2_ИПЦ.py,source,9086,1783452973612395400,4fca961f033519a15d2652b45116020791c74535b105b9cd43de9f64ec8d4de4
app/pages/3_ВРП_и_ВВП.py,source,15873,1783452981378623200,1f489be26f8f2d63792ac5292f2aec912741ddff943e0f5d55364f28e02ebbe2
app/pages/4_Квартирография.py,source,7025,1784530576435568300,f5afded65b43115c7ba357887f47628d22c189f41893d5c7dadea8084ccf89c6
app/pages/5_Квартирография_по_девелоперу.py,source,7340,1784530576436560100,2e698536ea81ae072c168bdc795ba02b0d83c3162a4c77a909508510034dac54
app/pages/6_Распроданность.py,source,12516,1783452986497317700,87c45ba81fd5ec17081798df317dc1918e5575ca1363e30b3d3095662f212b75
app/pages/7_Профиль_застройщика.py,source,57313,1790577071752761900,319410927ad3bda33de58caf7f6412146faa4cb23974ce072c07abfd20ccf5cd
app/pages/8_Ввод_недвижимости.py,source,28909,1784554417423402500,f661fa1123bc3cbf2b1fb7956519d3690e41608f724c19b3ed7b7816c2ed76e7
app/pages/8_Отправка_в_TDM.py,source,9019,1783432370646180900,e79069f0b74ee9b03e2d081cf0f3bc4c273f75776141b33fe532cb4197f3eecc
app/pages/99_Обновления.py,source,12884,1783432354505435600,9f0a27a69605d949d5aa131fbd245fdc16aca785839a39b4d7aae4265ede8dde
app/pages/9_Карта_объектов.py,source,13978,1784296921732079100,32b3c4102fc362cb9b02134738d6aa24ee1f71c540172ed6cfb3a9d5106a2555
app/realty_map.py,source,18516,1784188896714544500,8b3034b97edbddc9d5f8bf7a8c7193e78c5a6fdb23abbe78e2f7caed2b5e592e
app/tdm_files.py,source,1656,1783351231330316300,8673a30c2a3849af929db9156f136fe253b1d1aac41eb42417364c1b2f7b48ce
data/marts/realty/emiss_34118.pkl,mart,1166,1784279046053195200,5693e3ae66541a68eb323703e51106df14427eec98f9262b9b69dbaf99021c6c
data/marts/realty/erzrf_cards.pkl,mart,114909,1783329700589047600,e9f180a60df4a510182b2af620773b547d11ec3e3844e79b07840710cc68685f
data/marts/realty/erzrf_top.pkl,mart,4351143,1783412195994704700,8a365bd25ca42980abfefa6bfba2fa33fecdcf690445014fbc58588ce2c14e89
data/marts/realty/escrow_manual.pkl,mart,326849,1783332417922607100,c7dc9e32a77fbc4c050b51d4dda554815034f8756f96b4c22ea1f703a893d06c
data/marts/realty/kvartirografia.pkl,mart,346652,1783412182594851200,a2fd0deef7b4de8b25c861f5890b2a142194a7c7f96f96a0fd28fea267565a40
data/marts/realty/manifest.json,manifest,17456,1784279046069067000,fe3b18360e9b85b4f9a0b1958eb144b153c3ed5a3fcfaf33bccd9a3adfffcfc6
data/marts/realty/monitoring_2_0.pkl,mart,13514603,1784277955154424100,6a0d626e40fdbcce17dcd6db3e9dee2f40668de8704189ba0844f6d84e340056
data/marts/realty/rasprodannost.pkl,mart,41524324,1783329727486345500,1ca41f1fc82405008d123f58eabf6dbac605c352d8b44d6529841b269620e1e4
data/marts/realty/vvod_static.pkl,mart,4746,1783329727539890700,3f8e8600ced1823d80abec2b28a3823ff3a78c42d1eb30ed2ec583d5f6fbede5
data/raw/realty/erzrf/TOP_EXCEL_2026-06-18T12-59-39_2026-06-18T12-59-42 (1).xlsx,raw_manifest_reference,150789,1783282857546061900,f04430fd4954203f433b63c18ad55cc25a05a9ed6e872954cd8164fdf2a6418c
data/raw/realty/erzrf/cards/cards_20260618.xlsx,raw_manifest_reference,33965,1783282857547054900,ef6e0adc4095fa3de21e483bc1488e7e2d474516a4b74f91d3547fedd434ab0f
data/raw/realty/erzrf/cards/cards_20260702.xlsx,raw_manifest_reference,40198,1783327757349500400,3f597811fdb27a4167dcc32e6c6c6e8eec48e92c0ea6784307cd2fb0f540162b
data/raw/realty/erzrf/top_developers_msk_20260618.json,raw_manifest_reference,48535,1783282857547550600,180c4186b1ae53d0cc9695343c641d487a2d7e5e1b444265fd437e61c5a19b53
data/raw/realty/erzrf/top_developers_msk_20260702.json,raw_manifest_reference,48897,1783327757349996300,6ab0c5cf4ffe53960c066a6cace0b9c9b37bfc3eec94162e5f783830dcb41797
data/raw/realty/erzrf/top_developers_rf_20260618.json,raw_manifest_reference,49237,1783282857548045700,79c84c70e0e3c23bc894e5eaf3232e0fa1675a7bca7738743ed37640e7d30bae
data/raw/realty/erzrf/top_developers_rf_20260702.json,raw_manifest_reference,49484,1783327757350988600,7d5c215b54aab736b1a2fb99b6d0a7c13919f0f3d018b41af1bcc937f65b7016
data/raw/realty/erzrf/top_nakopl_vvod_msk_20260618.xlsx,raw_manifest_reference,16000,1783282857548541600,a8c5c8d261a4b14b7398e10df11338936efd54d716f8b1533f811d732d37ed03
data/raw/realty/erzrf/top_nakopl_vvod_msk_20260702.xlsx,raw_manifest_reference,15709,1783327757351485300,c5d96555bc72a66ef6e1587b4eeb280d4a02d98557f282dfdd829c9e11af828d
data/raw/realty/erzrf/top_nakopl_vvod_rf_20260618.xlsx,raw_manifest_reference,37937,1783282857549037600,025c4f26e84dbde8271bbd4b04de4462b0f59bef5e7a5dbacb1302689162e698
data/raw/realty/erzrf/top_nakopl_vvod_rf_20260702.xlsx,raw_manifest_reference,38224,1783327757352003600,749955737aa7f53cd2e8ca68f737c148bda9c33a1dbba84a3b14636f14191615
data/raw/realty/erzrf/top_obyem_stroitelstva_msk_20260618.xlsx,raw_manifest_reference,42891,1783282857550029600,81f0ae9d4b0fc0641ee5a87a77f23d825f0987fc2c635fd6672ad80bbc7cb478
data/raw/realty/erzrf/top_obyem_stroitelstva_msk_20260702.xlsx,raw_manifest_reference,42365,1783327757352477400,cd2f8d38762aeb29bab733e3ce01026045eaf255906b3aa0b3f2d5015d372ab1
data/raw/realty/erzrf/top_obyem_stroitelstva_rf_20260618.xlsx,raw_manifest_reference,278789,1783282857553502500,3146359b1342d9673134ff42980a871e810b6676156825048668158f5f67582c
data/raw/realty/erzrf/top_obyem_stroitelstva_rf_20260702.xlsx,raw_manifest_reference,284358,1783327757356941500,0a1edd504c58b91e5cbc17a45ef405ad10dc3a8afc25090ddf4d6b9f1c61e7d9
data/raw/realty/erzrf/top_obyem_vvoda_msk_2022_20260618.xlsx,raw_manifest_reference,28349,1783282857553998100,a472b7326b6fab730462112d64fe26488da78c16cf290990056833aac8ba8eca
data/raw/realty/erzrf/top_obyem_vvoda_msk_2022_20260702.xlsx,raw_manifest_reference,28369,1783327757357955600,07000761340684cf5dc3554b1da65fc9a89d81dc361842b991a41aacf4d9dcdd
data/raw/realty/erzrf/top_obyem_vvoda_msk_2023_20260618.xlsx,raw_manifest_reference,26324,1783282857554493800,b41747451b085fca96014378624dc1325aec1a3d007c8721780e93af0f9ec719
data/raw/realty/erzrf/top_obyem_vvoda_msk_2023_20260702.xlsx,raw_manifest_reference,26394,1783327757358428400,fca86534a951121d84f81ae22522edafcf71225cc599261c208a309dcfc46c6b
data/raw/realty/erzrf/top_obyem_vvoda_msk_2024_20260618.xlsx,raw_manifest_reference,25757,1783282857554990300,1a4a9cc91a73f077c61277fcf03a5e780224d22f2aace2e5d869bfc2e5a965a6
data/raw/realty/erzrf/top_obyem_vvoda_msk_2024_20260702.xlsx,raw_manifest_reference,25794,1783327757358924600,75526d17acfb87e246f8390e0c03c58a95ab77ae5a1aba94676a4a2f6f68e5f3
data/raw/realty/erzrf/top_obyem_vvoda_msk_2025_20260618.xlsx,raw_manifest_reference,22127,1783282857555485900,0269c0d1efb5f5c4c8d424dbb18b97e7b451337568b0f1bfd7f6ae980b01e19d
data/raw/realty/erzrf/top_obyem_vvoda_msk_2025_20260702.xlsx,raw_manifest_reference,22170,1783327757359916500,11ac6a4f186614a34d1c8614b5b090c19c495de1cdaaae0f5c310cf6cc86ebb7
data/raw/realty/erzrf/top_obyem_vvoda_msk_20260618.xlsx,raw_manifest_reference,17404,1783282857555981900,0db9ac33b161f311705674c48f07dd942cb9001a2090ab5bb8c81d2f06493608
data/raw/realty/erzrf/top_obyem_vvoda_msk_20260702.xlsx,raw_manifest_reference,18182,1783327757360412400,c8dcb49d483e1a9893eb5d417c80abd8607aecaf8dc31288716f378242d5901e
data/raw/realty/erzrf/top_obyem_vvoda_msk_2026_20260618.xlsx,raw_manifest_reference,17403,1783282857556477700,6024b5676b61a4eb30323babd56ac7a11584dbbcca9641332b17f80bebb58cf4
data/raw/realty/erzrf/top_obyem_vvoda_msk_2026_20260702.xlsx,raw_manifest_reference,18182,1783327757361094600,2de848334d9c1edf8aff8e8c6efe9119f881840eb4467319f6af5f69d6ed5d0d
data/raw/realty/erzrf/top_obyem_vvoda_rf_2022_20260702.xlsx,raw_manifest_reference,147737,1783327757362088100,c3aa1f6540615c80baa9cef1fa5b7148893c49c67a32121670fb5454ecfb5bae
data/raw/realty/erzrf/top_obyem_vvoda_rf_2023_20260618.xlsx,raw_manifest_reference,147738,1783282857557469800,f6c1282b76d8c80451410f1bd1464124b1b3add0977dea552df73154d6c0db92
data/raw/realty/erzrf/top_obyem_vvoda_rf_2023_20260702.xlsx,raw_manifest_reference,150788,1783327757363576100,ab2340474f9157ed054867afe8290928952996150c3787e7dcfd8c866f255521
data/raw/realty/erzrf/top_obyem_vvoda_rf_2024_20260618.xlsx,raw_manifest_reference,148647,1783282857559454700,89b6ce5c176fafb7bad15bfa248424d641ebcfc34d924769cd69994c5c62f737
data/raw/realty/erzrf/top_obyem_vvoda_rf_2024_20260702.xlsx,raw_manifest_reference,148646,1783327757365064000,20a9c11f3af6d6d3c99194f703068c03e4ef6fe4a14f82c6e340294ac8b15dbc
data/raw/realty/erzrf/top_obyem_vvoda_rf_2025_20260618.xlsx,raw_manifest_reference,143615,1783282857560445700,d28fd90021983346e4bdf15e67c2023aa5856fe1e9ad3c640ab08a96758a2638
data/raw/realty/erzrf/top_obyem_vvoda_rf_2025_20260702.xlsx,raw_manifest_reference,143614,1783327757366056000,7fe87b74504df5a11b26f02be29ec46ef41adf7db6432345ec4168f26772fada
data/raw/realty/erzrf/top_obyem_vvoda_rf_20260618.xlsx,raw_manifest_reference,55424,1783282857561437600,9590e4c0eaada1438a4e0cba7c48bfa97a35b2dd07566c6dd5a66bb64b60312c
data/raw/realty/erzrf/top_obyem_vvoda_rf_20260702.xlsx,raw_manifest_reference,68237,1783327757367048100,b2a80a44bd7a70190c387ef081390aee15c338ca4e1dbb6d2b0736b784145b2d
data/raw/realty/erzrf/top_obyem_vvoda_rf_2026_20260618.xlsx,raw_manifest_reference,55422,1783282857561933900,36fe3ef2bd50aa5b43068631a25eb648dab143cc7a4bbc0cebb7eb11ee5c8a18
data/raw/realty/erzrf/top_obyem_vvoda_rf_2026_20260702.xlsx,raw_manifest_reference,68237,1783327757368040100,e54dd61492e6f60dd16ed3f57917fcc47e3e3bd519d4a8ca19a9d8d4a4f6c775
data/raw/realty/erzrf/top_potreb_kachestva_msk_20260618.xlsx,raw_manifest_reference,12393,1783282857562429700,90a8b476e4f29eb0d540bf606e7268b15e603b865ad26fd23f533a5613adc608
data/raw/realty/erzrf/top_potreb_kachestva_msk_20260702.xlsx,raw_manifest_reference,12371,1783327757369556400,0e2132f2be6c867fa1cd0bb9b04e0c6bebe65a7b80430bd45a8cf8b69cc0b4df
data/raw/realty/erzrf/top_potreb_kachestva_rf_20260618.xlsx,raw_manifest_reference,21616,1783282857562925700,344d5c1f6c57a7f72ed7a49ea7cc54240a5a325b9c9a32db6b1d4814833081e8
data/raw/realty/erzrf/top_potreb_kachestva_rf_20260702.xlsx,raw_manifest_reference,21276,1783327757370575000,31264ddea87b820804449c30c9f2d970b6e265dec14d38d110bd57ad488f665d
data/raw/realty/erzrf/top_skorost_msk_20260618.xlsx,raw_manifest_reference,28283,1783282857563421900,0246979d6c389b25f4e09484065e1531e513c9eb11a9629db707d451e5214756
data/raw/realty/erzrf/top_skorost_msk_20260629.xlsx,raw_manifest_reference,28285,1783327757371566800,ba5b1f8066c36c0139c113f90fc312d9bc2a93693c798ca94e46e0339ebc5254
data/raw/realty/erzrf/top_skorost_rf_20260618.xlsx,raw_manifest_reference,675626,1783282857567886300,73dda1d1d875c77c6bf1846d1f1b5ff0c78f4a42b59c2da91e6676ed70cbf6e2
data/raw/realty/erzrf/top_skorost_rf_20260702.xlsx,raw_manifest_reference,680950,1783327757375534700,98758a02e3729e04375952615ec5dc804259c74d9a88c8a99a9cf7c6fe3ec043
data/raw/realty/escrow_manual/Наполняемость счетов.xlsx,raw_manifest_reference,135911,1783282857569373700,b902224e0b413dc154f21957d87ca4003e05fa8ea78c859208836cbc7c3e46fc
data/raw/realty/nashdom/kvartirografia_20260618.json,raw_manifest_reference,630136,1783282857571358300,999df0c31355ce2915ebfa24bc94dbc549e410224df7c287caa3ea5922b9682a
data/raw/realty/nashdom/kvartirografia_20260618.xlsx,raw_manifest_reference,109834,1783282857573342200,f10fd2e2dc193d6a327bfff87e606901154755b7236872394a6d97f372db5d54
data/raw/realty/nashdom/kvartirografia_20260702.json,raw_manifest_reference,1275231,1783327757379006800,47cd66a57f5c6796c4b8b9b311668cf0727320948ed0bddc38b494448b32871b
data/raw/realty/nashdom/monitoring_2_0_20260618.xlsx,raw_manifest_reference,5030112,1783282857602605900,5e85cda8fabdabf2c005f1650d244bf0be2710200bcf238864c3a142d5559afc
data/raw/realty/nashdom/monitoring_2_0_20260629.xlsx,raw_manifest_reference,5041291,1783327757407802800,51fe8de1bcd215216869debe3c9cda7b4aca8b6ee08dc7810109ad9f6ba290c8
data/raw/realty/nashdom/monitoring_2_0_20260702.xlsx,raw_manifest_reference,5053338,1783327757437066600,b3b24a7e41291ee1939f7ddde9bf05ccc107144b37c37cfd78ee08900d21c386
data/raw/realty/nashdom/monitoring_2_0_20260717.xlsx,raw_manifest_reference,5247611,1784277600140446800,c9f7cea1c2fd0c1559ebe4674122e4191383634e4f54d7d0db563f1a4a3ac9a2
data/raw/realty/nashdom/rasprodannost_20260618.xlsx,raw_manifest_reference,320410,1783282857611533600,4c377a460be215b4f6953318f1378de8687bfd900687daf30774b05fd4bb48fe
data/raw/realty/nashdom/rasprodannost_20260702.xlsx,raw_manifest_reference,12181851,1783327757509976800,84ab2e193488a765f3ef44000528498e594c41a69b1959cd769a8e37a4fe8b72
data/raw/realty/vvod/34118_filter.txt,raw_manifest_reference,1991,1783282857612029700,ecdc406304b46f2d533ca60e0718248293dac568fce03acc39a37796c2631614
data/raw/realty/vvod/Stroi_111_2025.xls,raw_manifest_reference,33280,1783282857612526100,b04c0cc23026db7c9c839438b8b8db93fbef7d21e55d1b200a33e06c9c0f883e
data/raw/realty/vvod/emiss_34118_base.xls,raw_manifest_reference,14848,1783282857613021600,7f5b0e8cfb35bcc04dfa36e5c75f2b99f59df9ca9e1054494f3fc5d40ab0a287
data/raw/realty/vvod/vvod.xlsx,raw_manifest_reference,14396,1783282857613517800,51020dd3d3cc6dafb26d65e163fff6e36a85e0ad6e708dc7edc2545005f2ce93
downloads/20250407_Введено в действие общей площади жилых домов на 1000 человек населения (квадратн.xls,raw_manifest_reference,65024,1783282857618973800,e9ed2b2e8589a6f463c30b1268377e89bd3dc6bd23927c3db0c917c98a332f2f
"downloads/20260617_Введено в действие общей площади жилых домов, построенных населением (оперативны.xls",raw_manifest_reference,475648,1783282857690397900,0fa4295a414449d494ea9a17e35b1dd30867dd6fd4130cf16dcfc8f730d1362f
nashdom/kvartirografia_20260608.json,raw_manifest_reference,629582,1783282857695853600,c4c7819110ef5f2d2acef72ec48065756909705d9ca73a39c0ed4a40f90bdefa
nashdom/monitoring_2_0_20260608.xlsx,raw_manifest_reference,4142182,1783282857719166600,945c4fad0926d44c412821b55d056738615e403dc360494eb2402b6be0121eae
pipeline/__init__.py,source,0,1783282857721149700,e3b0c44298fc1c149afbf4c8996fb92427ae41e4649b934ca495991b7852b855
pipeline/archive_old.py,source,8948,1783936412622395500,8e3b1bd560000d21749dd91151fd9dfc9716ac2da80a57ee4cc650d6fd64501f
pipeline/audit.py,source,3785,1783282857721645600,09d55b54ecf527ae03c442338fa74f44ec0f9fd26c3072199173721b1122e152
pipeline/build_realty_marts.py,source,15037,1783411965641054900,36434939dd2240aa998bc8ff7770ae9ddaf781d3cfea44fb344d4684f5dc193d
pipeline/deduplicate.py,source,8932,1783349770617992300,8119e39c156b60e7080f091aec38c93a66c3221f003e98d25135d6ac6d7758c0
pipeline/dev_name_utils.py,source,2652,1784530371242450400,22d20ebc5155dd941c821ff0b242cd1b0a95a1aac1f029f4e67b38d747c03e37
pipeline/downloaders/__init__.py,source,863,1783282857723133500,7d7e665bc124453e9b5a5e39dddfb218db425d30e279d12da5a426be7e632d3f
pipeline/downloaders/erzrf.py,source,3198,1783361028746550600,fe827d0fae9d93b634d02751bec57ba3b194712229dcd0187f860df6c3749622
pipeline/downloaders/fedstat.py,source,4639,1783944739657657800,50a11991b87d41223ef9842adb692234a77f28960686d1e235099c27ca550b00
pipeline/downloaders/local_files.py,source,848,1783356095401537700,f7df45a4c1f3ca39fa85c03e5b3339707ed815dd43462583de53cce6dccffc79
pipeline/downloaders/manual.py,source,1029,1783361034478076600,1d3f4a40fa37e2f0bce5f7ba1cc594dbea5b31d09608189186cdc8d0a746ce1e
pipeline/downloaders/nashdom.py,source,2073,1783356117023787700,3c654feea2a205ccec792da30f4be3e013d2bfcf39a6c820a67615ab84d84896
pipeline/downloaders/rosstat.py,source,4415,1783356109603325100,fe97131b82090c2ef52be523dcf3fbe16f524e0c28db8f910152114e9e95f04b
pipeline/file_utils.py,source,2495,1783346801015220400,aa780d571d51171d8ba9fb130aabb139733b4daf5d7b468f33c69555f02c75f6
pipeline/notifier.py,source,3660,1783282857725614800,9322911885d962826dd0cf439e7a0a0e43f089d5bee94a0414bdf1f75d16eaf2
pipeline/orchestrator.py,source,10216,1783953775864395500,f408d67df5ab4fe9b9f822e1ca8afe072675d3e52bcfb12db3d9502835792817
pipeline/parsers/__init__.py,source,0,1783282857726605800,e3b0c44298fc1c149afbf4c8996fb92427ae41e4649b934ca495991b7852b855
pipeline/parsers/common.py,source,2507,1783282857727101700,d8c4a3cb00d17ad3914a550292131734b153397775fc81ae29983bacccad2d3a
pipeline/parsers/erzrf_cards.py,source,3549,1783339192923514200,ac6759229fac4efafcecf1d53a9ec8fc25a0d475bf6420d6524b029af9e80ba8
pipeline/parsers/erzrf_top.py,source,3621,1783339198871611400,717b9502ef8adfc57868ef9603dc4db03d07dea1acfdf98f2eedcfe10418ede3
pipeline/parsers/escrow_manual.py,source,4504,1783340031859659000,9f9b8b976e9bc00bbe08266016c776028fb1742d8e10e79d2084a5f986e64acc
pipeline/parsers/fedstat_ipc.py,source,3967,1783282857728589600,8be0cd59a446b50ad0895aceb515ca3637eb771c04e32e6389f860bfdbd45710
pipeline/parsers/fedstat_salary.py,source,6592,1783282857728589600,9553d0c7c2d58608d09a48e195e56d5a1ba7c4da4bc0680abc6466228e04cd36
pipeline/parsers/nashdom_kvartirografia.py,source,3801,1783339631815484200,93e59aaa0d2330c49ae3ddf414ad13ef3e46d188cf8cd28a3eec1ff488666540
pipeline/parsers/nashdom_monitoring_2_0.py,source,5750,1783339477116149700,296aa30120155acb38e343fb52b5118aaf73365838b9da230dfcebf7da1c56f0
pipeline/parsers/nashdom_rasprodannost.py,source,5470,1783339831785576200,02c7a0697a5ccfdb6bde5961eaa2ec56de3a0602980dc0b48330a07275343cab
pipeline/parsers/rosstat_common.py,source,6867,1783282857730574300,396b48cb680d5e31de9e3a25e901e940d339c107451f48216fd181f189e5e87c
pipeline/parsers/rosstat_gdp_per_capita.py,source,1438,1783282857731070100,f0f8953f0765d3f4e1619493639b2a39d23fc9049087894c34bfd3e50e1840e0
pipeline/parsers/rosstat_gdp_year.py,source,1548,1783282857731566400,20a3f0d5328f960dc42cc05fae341c0724e4c36a605eaea192e397e4959ca430
pipeline/parsers/rosstat_vds_msk.py,source,3884,1783282857734046100,642f76735249c79d0ee78647f67d526dd13d0bfaec13a56d245316a712d232dd
pipeline/parsers/rosstat_vds_msk_legacy.py,source,3789,1783282857734542000,11ed7df448e414170261a00d6c17c9cea9bf8148bdfd3d85224be64c76fa6587
pipeline/parsers/rosstat_vds_rf.py,source,1802,1783282857735534700,852a7b672abd867168d5ebf563192ab58c6cd334378cd3d2463955892f28571f
pipeline/parsers/rosstat_vrp_msk.py,source,3029,1783282857736030200,10f9f371e571c65ca2c7edf8f15bd7dda9c0a2a4f634c1cb553edece9bd1a178
pipeline/paths.py,source,1034,1783282857736030200,15262f7d602abe0c96bb496f9d8b16116b9b2560e495d78666edb49c9f633ef8
pipeline/registry.py,source,10838,1783282857736526100,99e112e76caf402a437fac5a6b73d28c5955119f95035faeb6668263f4231264
pipeline/run_etl.py,source,627,1783282857737022500,ac59449c76c4b7b5c86b9addcea1ffbf3002051e309ae7d8019f4ab2bb36cbb1
pipeline/selenium_utils.py,source,8260,1783335739575516500,0ad93041ba34beadb2fea0f93b5a3a9b0801087daace721afc904fc73e5ba129
pipeline/state_utils.py,source,1858,1783345928582353100,0f13a35f468f0f9e8b51c0a4162ef52083f5aa8c9d6c7f90aafe31df1022bf0f
pipeline/tdm_notify.py,source,15296,1783282857738014100,b202dab7b57c2505e6e13de4c5caa4cbc85527d3285d8aec96c13c96223fed38
requirements.txt,source,1515,1783282857738014100,0687559f484837d0fc5fb8c4b28c9cd81daa08f2054038a197785351fff1366f
scripts/benchmark_parser.py,source,24156,1790577256501990600,1e912f94908788ca445effcf81eb30500f9faaa6a19b94d61f40ff9ab8313cdb
