record_id,flow_type,source_family,source_ids,indicator_ids,title,source_url,access_auth,entrypoint,configured_poll_schedule,observed_schedule,raw_inputs,handler,processed_output,mart_output,consumers,grain_from_code,units_from_code,data_periodicity,date_provenance,verification,known_gaps
indicator:avg_salary,registered_indicator,fedstat,43246;57824,avg_salary,Среднемесячная номинальная начисленная заработная плата,https://www.fedstat.ru/indicator/43246;https://www.fedstat.ru/indicator/57824,Public source; Selenium and direct HTTP fallback; manual alternative for site blocking,update.bat fedstat; pipeline/orchestrator.py; scripts/manual_ingest.py,DAILY 06:00 local in registration wrappers; actual task absent on this machine,2026-09-28: known tasks parser_etl_realty/parser_etl_realty_user/parser_etl not found; external scheduler unknown,downloads/*Среднемесячная номинальная начисленная заработная плата*.xls*,pipeline/downloaders/fedstat.py; pipeline/parsers/fedstat_salary.py; pipeline/data_access.py,data/processed/avg_salary.pkl,,app/Home.py; app/pages/1_Заработная_плата.py,region x industry/view x year/month/quarter x period_type,руб,month; quarter/year/YTD from source labels,Publication time/frequency unknown; filename date/mtime and parse loaded_at do not prove source publication or live freshness,Local code/paths inspected 2026-09-28; no live download or publication-freshness check,Manual 2011-2012 CSV appended; historical classifications and YTD contract need independent validation
indicator:ipc,registered_indicator,fedstat,31074_часть1;31074_часть2,ipc,Индексы потребительских цен на товары и услуги,https://www.fedstat.ru/indicator/31074;https://www.fedstat.ru/indicator/31074,Public source; Selenium and direct HTTP fallback; manual alternative for site blocking,update.bat fedstat; pipeline/orchestrator.py; scripts/manual_ingest.py,DAILY 06:00 local in registration wrappers; actual task absent on this machine,2026-09-28: known tasks parser_etl_realty/parser_etl_realty_user/parser_etl not found; external scheduler unknown,downloads/*Индексы потребительских цен*часть1*.xls*;downloads/*Индексы потребительских цен*часть2*.xls*,pipeline/downloaders/fedstat.py; pipeline/parsers/fedstat_ipc.py; pipeline/data_access.py,data/processed/ipc.pkl,,app/Home.py; app/pages/2_ИПЦ.py,region x view x year/month/quarter x comparison period_type,%,month/quarter/year/YTD from source labels,Publication time/frequency unknown; filename date/mtime and parse loaded_at do not prove source publication or live freshness,Local code/paths inspected 2026-09-28; no live download or publication-freshness check,Parts split by years; normalize Russian Federation codes; basis comparisons must be preserved
indicator:gdp_rf,registered_indicator,rosstat,vvp_god,gdp_rf,ВВП Российской Федерации (годовой),https://www.rosstat.gov.ru/statistics/accounts,Public HTTP; rosstat_checker VERIFY_SSL=False in current code,update.bat rosstat; pipeline/orchestrator.py; scripts/manual_ingest.py,DAILY 06:00 local in registration wrappers; actual task absent on this machine,2026-09-28: known tasks parser_etl_realty/parser_etl_realty_user/parser_etl not found; external scheduler unknown,downloads/*VVP_god*.xls*;downloads/*ВВП годы*1995*.xls*,pipeline/downloaders/rosstat.py; pipeline/parsers/rosstat_gdp_year.py; pipeline/data_access.py,data/processed/gdp_rf.pkl,,app/pages/3_ВРП_и_ВВП.py,RF x year x metric,млрд руб (gdp_total); % (gdp_index),annual,Publication time/frequency unknown; filename date/mtime and parse loaded_at do not prove source publication or live freshness,Local code/paths inspected 2026-09-28; no live download or publication-freshness check,Registry scalar unit does not represent all emitted metrics
indicator:gdp_per_capita_rf,registered_indicator,rosstat,vvp_na_dushu,gdp_per_capita_rf,"ВВП на душу населения, РФ",https://www.rosstat.gov.ru/statistics/accounts,Public HTTP; rosstat_checker VERIFY_SSL=False in current code,update.bat rosstat; pipeline/orchestrator.py; scripts/manual_ingest.py,DAILY 06:00 local in registration wrappers; actual task absent on this machine,2026-09-28: known tasks parser_etl_realty/parser_etl_realty_user/parser_etl not found; external scheduler unknown,downloads/*VVP_na_dushu*.xls*;downloads/*ВВП на душу*.xls*,pipeline/downloaders/rosstat.py; pipeline/parsers/rosstat_gdp_per_capita.py; pipeline/data_access.py,data/processed/gdp_per_capita_rf.pkl,,app/pages/3_ВРП_и_ВВП.py,RF x year x metric,руб (gdp_pc_total); % (gdp_pc_index),annual,Publication time/frequency unknown; filename date/mtime and parse loaded_at do not prove source publication or live freshness,Local code/paths inspected 2026-09-28; no live download or publication-freshness check,Methodology/price basis and revisions pending source contract
indicator:vrp_msk,registered_indicator,rosstat,vrp_msk,vrp_msk,ВРП города Москвы,https://77.rosstat.gov.ru/folder/134924,Public HTTP; rosstat_checker VERIFY_SSL=False in current code,update.bat rosstat; pipeline/orchestrator.py; scripts/manual_ingest.py,DAILY 06:00 local in registration wrappers; actual task absent on this machine,2026-09-28: known tasks parser_etl_realty/parser_etl_realty_user/parser_etl not found; external scheduler unknown,downloads/*ВРП с 1998*.xls*,pipeline/downloaders/rosstat.py; pipeline/parsers/rosstat_vrp_msk.py; pipeline/data_access.py,data/processed/vrp_msk.pkl,,app/pages/3_ВРП_и_ВВП.py; scripts/build_msk_vds_value_2011_2015.py,Moscow x year x metric/view,млн руб; руб; % depending on metric,annual,Publication time/frequency unknown; filename date/mtime and parse loaded_at do not prove source publication or live freshness,Local code/paths inspected 2026-09-28; no live download or publication-freshness check,Several workbook metrics; not every value is млн руб
indicator:vds_msk,registered_indicator,rosstat,vds_msk_s2016,vds_msk,ВДС Москвы по отраслям (с 2016 г.),https://77.rosstat.gov.ru/folder/134924,Public HTTP; rosstat_checker VERIFY_SSL=False in current code,update.bat rosstat; pipeline/orchestrator.py; scripts/manual_ingest.py,DAILY 06:00 local in registration wrappers; actual task absent on this machine,2026-09-28: known tasks parser_etl_realty/parser_etl_realty_user/parser_etl not found; external scheduler unknown,downloads/*ВДС годы ОКВЭД2*2016*.xls*,pipeline/downloaders/rosstat.py; pipeline/parsers/rosstat_vds_msk.py; pipeline/data_access.py,data/processed/vds_msk.pkl,,app/pages/3_ВРП_и_ВВП.py,Moscow x industry/view x year x metric,млн руб (vds_value); % (vds_structure/vds_index),annual from 2016,Publication time/frequency unknown; filename date/mtime and parse loaded_at do not prove source publication or live freshness,Local code/paths inspected 2026-09-28; no live download or publication-freshness check,OKVED2; avoid silent comparison with legacy classification; registry scalar unit млрд руб conflicts with parser млн руб
indicator:vds_rf,registered_indicator,rosstat,vds_rf_s2011,vds_rf,ВДС РФ по отраслям (с 2011 г.),https://www.rosstat.gov.ru/statistics/accounts,Public HTTP; rosstat_checker VERIFY_SSL=False in current code,update.bat rosstat; pipeline/orchestrator.py; scripts/manual_ingest.py,DAILY 06:00 local in registration wrappers; actual task absent on this machine,2026-09-28: known tasks parser_etl_realty/parser_etl_realty_user/parser_etl not found; external scheduler unknown,downloads/*VDS_god_OKVED2_s2011*.xls*;downloads/*ВДС годы ОКВЭД2*2011*.xls*,pipeline/downloaders/rosstat.py; pipeline/parsers/rosstat_vds_rf.py; pipeline/data_access.py,data/processed/vds_rf.pkl,,app/pages/3_ВРП_и_ВВП.py,RF x industry/view x year x metric,млрд руб; % depending on metric,annual from 2011,Publication time/frequency unknown; filename date/mtime and parse loaded_at do not prove source publication or live freshness,Local code/paths inspected 2026-09-28; no live download or publication-freshness check,OKVED2; independent metric/price-basis validation pending
indicator:vds_msk_legacy,registered_indicator,rosstat,vrp_okved2007,vds_msk_legacy,"Отраслевая структура ВДС Москвы, ОКВЭД-2007 (2011-2015)",https://www.rosstat.gov.ru/statistics/accounts,Public HTTP; rosstat_checker VERIFY_SSL=False in current code,update.bat rosstat; pipeline/orchestrator.py; scripts/manual_ingest.py,DAILY 06:00 local in registration wrappers; actual task absent on this machine,2026-09-28: known tasks parser_etl_realty/parser_etl_realty_user/parser_etl not found; external scheduler unknown,downloads/*VRP_OKVED2007*.xls*;downloads/*ВРП ОКВЭД 2007*.xls*,pipeline/downloaders/rosstat.py; pipeline/parsers/rosstat_vds_msk_legacy.py; pipeline/data_access.py,data/processed/vds_msk_legacy.pkl,,app/pages/3_ВРП_и_ВВП.py; scripts/build_msk_vds_value_2011_2015.py,Moscow x OKVED2007 industry/view x year,%,annual 2011-2015,Publication time/frequency unknown; filename date/mtime and parse loaded_at do not prove source publication or live freshness,Local code/paths inspected 2026-09-28; no live download or publication-freshness check,"Legacy industry shares, not directly the OKVED2 series"
indicator:realty_monitoring_2_0,registered_indicator,nashdom,monitoring_2_0,realty_monitoring_2_0,Мониторинг новостроек 2.0,https://docs.google.com/spreadsheets/d/19Z8y6EtoCNbygA9OIjZ7lHaPfeA9fV3Yl6Ned53gNcY/export?format=xlsx,HTTP export; public/link access according to collector; live accessibility unverified,update.bat monitoring / kvart / rasprod; pipeline/orchestrator.py; scripts/manual_ingest.py,DAILY 06:00 local in registration wrappers; actual task absent on this machine,2026-09-28: known tasks parser_etl_realty/parser_etl_realty_user/parser_etl not found; external scheduler unknown,data/raw/realty/nashdom/monitoring_2_0_*.xlsx,pipeline/downloaders/nashdom.py; pipeline/parsers/nashdom_monitoring_2_0.py; pipeline/data_access.py,data/processed/realty_monitoring_2_0.pkl,data/marts/realty/monitoring_2_0.pkl,app/pages/7_Профиль_застройщика.py; app/pages/8_Ввод_недвижимости.py; app/pages/9_Карта_объектов.py,source sheet/row x object identifiers x metric; year from registry dates,м²; шт; мест; посещений/смена; коек; номеров,snapshot with annual construction/commissioning dimensions,Publication time/frequency unknown; filename date/mtime and parse loaded_at do not prove source publication or live freshness,Local code/paths inspected 2026-09-28; no live download or publication-freshness check,"Historical P1 loss 24897 -> 23749 metric rows (1148) reproduced; source-row identity fix implemented, core author verified 24897 -> 24897 on one raw. Working processed/marts not rebuilt; full history unverified. UI additionally loads historical sheets"
indicator:realty_rasprodannost,registered_indicator,nashdom,rasprodannost,realty_rasprodannost,Распроданность новостроек,https://наш.дом.рф/аналитика/распроданность-стройготовность,Selenium DOM; explicit login not configured in collector; live access unverified,update.bat monitoring / kvart / rasprod; pipeline/orchestrator.py; scripts/manual_ingest.py,DAILY 06:00 local in registration wrappers; actual task absent on this machine,2026-09-28: known tasks parser_etl_realty/parser_etl_realty_user/parser_etl not found; external scheduler unknown,data/raw/realty/nashdom/rasprodannost_*.json;data/raw/realty/nashdom/rasprodannost_*.xlsx (UI),pipeline/downloaders/nashdom.py; pipeline/parsers/nashdom_rasprodannost.py; pipeline/data_access.py,data/processed/realty_rasprodannost.pkl,data/marts/realty/rasprodannost.pkl,app/pages/6_Распроданность.py; app/pages/7_Профиль_застройщика.py,report month x region x table/entity x metric; delivery_year for forecast KPI,%; м²; тыс. м²,monthly report history,Publication time/frequency unknown; filename date/mtime and parse loaded_at do not prove source publication or live freshness,Local code/paths inspected 2026-09-28; no live download or publication-freshness check,ETL consumes JSON; UI/mart consumes XLSX. Equality and class coverage need source contract
indicator:realty_kvartirografia,registered_indicator,nashdom,kvartirografia,realty_kvartirografia,Квартирография новостроек,https://наш.дом.рф/аналитика/квартирография,Selenium DOM; explicit login not configured in collector; live access unverified,update.bat monitoring / kvart / rasprod; pipeline/orchestrator.py; scripts/manual_ingest.py,DAILY 06:00 local in registration wrappers; actual task absent on this machine,2026-09-28: known tasks parser_etl_realty/parser_etl_realty_user/parser_etl not found; external scheduler unknown,data/raw/realty/nashdom/kvartirografia_*.xlsx;data/raw/realty/nashdom/kvartirografia_*.json (UI/per-dev),pipeline/downloaders/nashdom.py; pipeline/parsers/nashdom_kvartirografia.py; pipeline/data_access.py,data/processed/realty_kvartirografia.pkl,data/marts/realty/kvartirografia.pkl,app/pages/4_Квартирография.py; app/pages/5_Квартирография_по_девелоперу.py; app/pages/7_Профиль_застройщика.py,snapshot/report_date x region x source sheet/entity x metric,шт; тыс. шт; тыс. м²; %,snapshot,Publication time/frequency unknown; filename date/mtime and parse loaded_at do not prove source publication or live freshness,Local code/paths inspected 2026-09-28; no live download or publication-freshness check,ETL XLSX only four sheets; UI JSON/XLSX includes additional per-dev payload. README weekly vs scheduled daily mismatch
indicator:realty_erzrf_top_rf,registered_indicator,erzrf,top_rf,realty_erzrf_top_rf,ТОП застройщиков ЕРЗ (Россия),https://erzrf.ru/top-zastroyshchikov,Selenium; Excel export login via config/erzrf.json; credentials not read,update.bat erz-top / erz-cards; pipeline/orchestrator.py; scripts/manual_ingest.py,DAILY 06:00 local in registration wrappers; actual task absent on this machine,2026-09-28: known tasks parser_etl_realty/parser_etl_realty_user/parser_etl not found; external scheduler unknown,data/raw/realty/erzrf/top_*_rf_*.xlsx,pipeline/downloaders/erzrf.py; pipeline/parsers/erzrf_top.py; pipeline/data_access.py,data/processed/realty_erzrf_top_rf.pkl,data/marts/realty/erzrf_top.pkl,app/pages/7_Профиль_застройщика.py; erzrf_checker.py cards via top_developers_rf JSON,RF x snapshot x developer x sorting/metric; per-year files for commissioned area,м²; дней/дом (MAIN_METRICS); UI wide tables additionally contain source columns with their own units,snapshot; commissioned rankings additionally annual,Publication time/frequency unknown; filename date/mtime and parse loaded_at do not prove source publication or live freshness,Local code/paths inspected 2026-09-28; no live download or publication-freshness check,"Regional accumulated commissioning unavailable for invalid raw schema; TOP_TYPES 2/3/4 mapping suspected, DOM verification pending"
indicator:realty_erzrf_top_msk,registered_indicator,erzrf,top_msk,realty_erzrf_top_msk,ТОП застройщиков ЕРЗ (Москва),https://erzrf.ru/top-zastroyshchikov,Selenium; Excel export login via config/erzrf.json; credentials not read,update.bat erz-top / erz-cards; pipeline/orchestrator.py; scripts/manual_ingest.py,DAILY 06:00 local in registration wrappers; actual task absent on this machine,2026-09-28: known tasks parser_etl_realty/parser_etl_realty_user/parser_etl not found; external scheduler unknown,data/raw/realty/erzrf/top_*_msk_*.xlsx,pipeline/downloaders/erzrf.py; pipeline/parsers/erzrf_top.py; pipeline/data_access.py,data/processed/realty_erzrf_top_msk.pkl,data/marts/realty/erzrf_top.pkl,app/pages/7_Профиль_застройщика.py,Moscow x snapshot x developer x sorting/metric; per-year files for commissioned area,м²; дней/дом (MAIN_METRICS); UI wide tables additionally contain source columns with their own units,snapshot; commissioned rankings additionally annual,Publication time/frequency unknown; filename date/mtime and parse loaded_at do not prove source publication or live freshness,Local code/paths inspected 2026-09-28; no live download or publication-freshness check,Do not infer Moscow volume from developer name. Regional accumulated commissioning unavailable for invalid raw schema; live TOP_TYPES check pending
indicator:realty_erzrf_cards,registered_indicator,erzrf,cards,realty_erzrf_cards,Карточки ТОП-100 застройщиков ЕРЗ,https://erzrf.ru/zastroyschiki/<slug>,Selenium; Excel export login via config/erzrf.json; credentials not read,update.bat erz-top / erz-cards; pipeline/orchestrator.py; scripts/manual_ingest.py,DAILY 06:00 local in registration wrappers; actual task absent on this machine,2026-09-28: known tasks parser_etl_realty/parser_etl_realty_user/parser_etl not found; external scheduler unknown,data/raw/realty/erzrf/cards/cards_*.xlsx,pipeline/downloaders/erzrf.py; pipeline/parsers/erzrf_cards.py; pipeline/data_access.py,data/processed/realty_erzrf_cards.pkl,data/marts/realty/erzrf_cards.pkl,app/pages/7_Профиль_застройщика.py,developer x snapshot/current metric or year x metric,м²; %; мес; rating/count depending on metric,snapshot + annual history,Publication time/frequency unknown; filename date/mtime and parse loaded_at do not prove source publication or live freshness,Local code/paths inspected 2026-09-28; no live download or publication-freshness check,TOP100 list depends on RF top JSON; parser long vs UI wide; complete card history/coverage unverified
indicator:realty_escrow_manual,registered_indicator,manual,escrow,realty_escrow_manual,Наполненность счетов эскроу,https://наш.дом.рф (exact manual EISZhS export page unknown),User-supplied XLSX; access to original manual export unknown,update.bat manual; pipeline/orchestrator.py; scripts/manual_ingest.py,Manual file placement + rebuild; no download scheduler,Manual refresh history unknown,data/raw/realty/escrow_manual/*.xlsx,pipeline/downloaders/manual.py; pipeline/parsers/escrow_manual.py; pipeline/data_access.py,data/processed/realty_escrow_manual.pkl,data/marts/realty/escrow_manual.pkl,app/pages/7_Профиль_застройщика.py,manual snapshot x object/developer x metric; planned_delivery date dimension,руб; м²; %; мес,manual snapshot; planned-delivery period is not publication date,Publication time/frequency unknown; filename date/mtime and parse loaded_at do not prove source publication or live freshness,Local code/paths inspected 2026-09-28; no live download or publication-freshness check,Registry says млн руб but monetary metrics are руб; export access/publication cadence unknown; old runner docstring incorrectly says no parser
fedstat:33648,source_download_key,fedstat,33648,,Индекс предпринимательской уверенности в строительстве (процент),https://www.fedstat.ru/indicator/33648,Public; Selenium/direct HTTP fallback; no credentials read,fedstat_checker.py; update.bat fedstat,DAILY 06:00 local in registration wrappers; actual task absent on this machine,2026-09-28: known tasks parser_etl_realty/parser_etl_realty_user/parser_etl not found; external scheduler unknown,downloads/*Индекс предпринимательской уверенности в строительстве (процент)*.xls* (collector names include source title/date),fedstat_checker.py; no Indicator/parser mapping found,,,Raw download only: normalized processed/mart/UI consumer not found,region x source dimension labels x period; full source-specific key unknown,% (source title; not independent verification),unknown from title/code; validate source header,Publication time/frequency unknown; filename date/mtime and parse loaded_at do not prove source publication or live freshness,Local code/paths inspected 2026-09-28; no live download or publication-freshness check,Source publication SLA and full source header contract unknown; no registered consumer: downloading is not dashboard coverage
fedstat:61497,source_download_key,fedstat,61497,,"Валовой региональный продукт в основных ценах (ОКВЭД 2) (тысяча рублей, значение показателя за год)",https://www.fedstat.ru/indicator/61497,Public; Selenium/direct HTTP fallback; no credentials read,fedstat_checker.py; update.bat fedstat,DAILY 06:00 local in registration wrappers; actual task absent on this machine,2026-09-28: known tasks parser_etl_realty/parser_etl_realty_user/parser_etl not found; external scheduler unknown,"downloads/*Валовой региональный продукт в основных ценах (ОКВЭД 2) (тысяча рублей, значение показателя за год)*.xls* (collector names include source title/date)",fedstat_checker.py; no Indicator/parser mapping found,,,Raw download only: normalized processed/mart/UI consumer not found,region x source dimension labels x period; full source-specific key unknown,тыс. руб (source title; not independent verification),annual (source title); publication schedule unknown,Publication time/frequency unknown; filename date/mtime and parse loaded_at do not prove source publication or live freshness,Local code/paths inspected 2026-09-28; no live download or publication-freshness check,Source publication SLA and full source header contract unknown; no registered consumer: downloading is not dashboard coverage
fedstat:59449,source_download_key,fedstat,59449,,"Индексы физического объема валового регионального продукта (ОКВЭД 2) (процент, значение показателя за год)",https://www.fedstat.ru/indicator/59449,Public; Selenium/direct HTTP fallback; no credentials read,fedstat_checker.py; update.bat fedstat,DAILY 06:00 local in registration wrappers; actual task absent on this machine,2026-09-28: known tasks parser_etl_realty/parser_etl_realty_user/parser_etl not found; external scheduler unknown,"downloads/*Индексы физического объема валового регионального продукта (ОКВЭД 2) (процент, значение показателя за год)*.xls* (collector names include source title/date)",fedstat_checker.py; no Indicator/parser mapping found,,,Raw download only: normalized processed/mart/UI consumer not found,region x source dimension labels x period; full source-specific key unknown,% (source title; not independent verification),annual (source title); publication schedule unknown,Publication time/frequency unknown; filename date/mtime and parse loaded_at do not prove source publication or live freshness,Local code/paths inspected 2026-09-28; no live download or publication-freshness check,Source publication SLA and full source header contract unknown; no registered consumer: downloading is not dashboard coverage
fedstat:61483,source_download_key,fedstat,61483,,Валовой региональный продукт на душу населения (ОКВЭД 2),https://www.fedstat.ru/indicator/61483,Public; Selenium/direct HTTP fallback; no credentials read,fedstat_checker.py; update.bat fedstat,DAILY 06:00 local in registration wrappers; actual task absent on this machine,2026-09-28: known tasks parser_etl_realty/parser_etl_realty_user/parser_etl not found; external scheduler unknown,downloads/*Валовой региональный продукт на душу населения (ОКВЭД 2)*.xls* (collector names include source title/date),fedstat_checker.py; no Indicator/parser mapping found,,,Raw download only: normalized processed/mart/UI consumer not found,region x source dimension labels x period; full source-specific key unknown,unknown; validate exact workbook header,unknown from title/code; validate source header,Publication time/frequency unknown; filename date/mtime and parse loaded_at do not prove source publication or live freshness,Local code/paths inspected 2026-09-28; no live download or publication-freshness check,Source publication SLA and full source header contract unknown; no registered consumer: downloading is not dashboard coverage
fedstat:45341,source_download_key,fedstat,45341,,"Индекс физического объема валового регионального продукта на душу населения (процент, значение показателя за год)",https://www.fedstat.ru/indicator/45341,Public; Selenium/direct HTTP fallback; no credentials read,fedstat_checker.py; update.bat fedstat,DAILY 06:00 local in registration wrappers; actual task absent on this machine,2026-09-28: known tasks parser_etl_realty/parser_etl_realty_user/parser_etl not found; external scheduler unknown,"downloads/*Индекс физического объема валового регионального продукта на душу населения (процент, значение показателя за год)*.xls* (collector names include source title/date)",fedstat_checker.py; no Indicator/parser mapping found,,,Raw download only: normalized processed/mart/UI consumer not found,region x source dimension labels x period; full source-specific key unknown,% (source title; not independent verification),annual (source title); publication schedule unknown,Publication time/frequency unknown; filename date/mtime and parse loaded_at do not prove source publication or live freshness,Local code/paths inspected 2026-09-28; no live download or publication-freshness check,Source publication SLA and full source header contract unknown; no registered consumer: downloading is not dashboard coverage
fedstat:59450,source_download_key,fedstat,59450,,"Структура валового регионального продукта (ОКВЭД 2) (процент, значение показателя за год)",https://www.fedstat.ru/indicator/59450,Public; Selenium/direct HTTP fallback; no credentials read,fedstat_checker.py; update.bat fedstat,DAILY 06:00 local in registration wrappers; actual task absent on this machine,2026-09-28: known tasks parser_etl_realty/parser_etl_realty_user/parser_etl not found; external scheduler unknown,"downloads/*Структура валового регионального продукта (ОКВЭД 2) (процент, значение показателя за год)*.xls* (collector names include source title/date)",fedstat_checker.py; no Indicator/parser mapping found,,,Raw download only: normalized processed/mart/UI consumer not found,region x source dimension labels x period; full source-specific key unknown,% (source title; not independent verification),annual (source title); publication schedule unknown,Publication time/frequency unknown; filename date/mtime and parse loaded_at do not prove source publication or live freshness,Local code/paths inspected 2026-09-28; no live download or publication-freshness check,Source publication SLA and full source header contract unknown; no registered consumer: downloading is not dashboard coverage
fedstat:55370,source_download_key,fedstat,55370,,"Доля продукции высокотехнологичных и наукоемких отраслей в валовом региональном продукте относительно уровня 2011 года (процент, значение показателя за год, К базисному периоду)",https://www.fedstat.ru/indicator/55370,Public; Selenium/direct HTTP fallback; no credentials read,fedstat_checker.py; update.bat fedstat,DAILY 06:00 local in registration wrappers; actual task absent on this machine,2026-09-28: known tasks parser_etl_realty/parser_etl_realty_user/parser_etl not found; external scheduler unknown,"downloads/*Доля продукции высокотехнологичных и наукоемких отраслей в валовом региональном продукте относительно уровня 2011 года (процент, значение показателя за год, К базисному периоду)*.xls* (collector names include source title/date)",fedstat_checker.py; no Indicator/parser mapping found,,,Raw download only: normalized processed/mart/UI consumer not found,region x source dimension labels x period; full source-specific key unknown,% (source title; not independent verification),annual (source title); publication schedule unknown,Publication time/frequency unknown; filename date/mtime and parse loaded_at do not prove source publication or live freshness,Local code/paths inspected 2026-09-28; no live download or publication-freshness check,Source publication SLA and full source header contract unknown; no registered consumer: downloading is not dashboard coverage
fedstat:55373,source_download_key,fedstat,55373,,"Индекс производительности труда относительно уровня 2011 года (процент, значение показателя за год, К базисному периоду)",https://www.fedstat.ru/indicator/55373,Public; Selenium/direct HTTP fallback; no credentials read,fedstat_checker.py; update.bat fedstat,DAILY 06:00 local in registration wrappers; actual task absent on this machine,2026-09-28: known tasks parser_etl_realty/parser_etl_realty_user/parser_etl not found; external scheduler unknown,"downloads/*Индекс производительности труда относительно уровня 2011 года (процент, значение показателя за год, К базисному периоду)*.xls* (collector names include source title/date)",fedstat_checker.py; no Indicator/parser mapping found,,,Raw download only: normalized processed/mart/UI consumer not found,region x source dimension labels x period; full source-specific key unknown,% (source title; not independent verification),annual (source title); publication schedule unknown,Publication time/frequency unknown; filename date/mtime and parse loaded_at do not prove source publication or live freshness,Local code/paths inspected 2026-09-28; no live download or publication-freshness check,Source publication SLA and full source header contract unknown; no registered consumer: downloading is not dashboard coverage
fedstat:31557,source_download_key,fedstat,31557,,Численность постоянного населения на 1 января (Раздел 1. Муниципальные образования субъектов Российской Федерации),https://www.fedstat.ru/indicator/31557,Public; Selenium/direct HTTP fallback; no credentials read,fedstat_checker.py; update.bat fedstat,DAILY 06:00 local in registration wrappers; actual task absent on this machine,2026-09-28: known tasks parser_etl_realty/parser_etl_realty_user/parser_etl not found; external scheduler unknown,downloads/*Численность постоянного населения на 1 января (Раздел 1. Муниципальные образования субъектов Российской Федерации)*.xls* (collector names include source title/date),fedstat_checker.py; no Indicator/parser mapping found,,,Raw download only: normalized processed/mart/UI consumer not found,region x source dimension labels x period; full source-specific key unknown,unknown; validate exact workbook header,annual (source title); publication schedule unknown,Publication time/frequency unknown; filename date/mtime and parse loaded_at do not prove source publication or live freshness,Local code/paths inspected 2026-09-28; no live download or publication-freshness check,Source publication SLA and full source header contract unknown; no registered consumer: downloading is not dashboard coverage
fedstat:31556,source_download_key,fedstat,31556,,"Численность постоянного населения в среднем за год (человек, значение показателя за год)",https://www.fedstat.ru/indicator/31556,Public; Selenium/direct HTTP fallback; no credentials read,fedstat_checker.py; update.bat fedstat,DAILY 06:00 local in registration wrappers; actual task absent on this machine,2026-09-28: known tasks parser_etl_realty/parser_etl_realty_user/parser_etl not found; external scheduler unknown,"downloads/*Численность постоянного населения в среднем за год (человек, значение показателя за год)*.xls* (collector names include source title/date)",fedstat_checker.py; no Indicator/parser mapping found,,,Raw download only: normalized processed/mart/UI consumer not found,region x source dimension labels x period; full source-specific key unknown,чел (source title; not independent verification),annual (source title); publication schedule unknown,Publication time/frequency unknown; filename date/mtime and parse loaded_at do not prove source publication or live freshness,Local code/paths inspected 2026-09-28; no live download or publication-freshness check,Source publication SLA and full source header contract unknown; no registered consumer: downloading is not dashboard coverage
fedstat:36730,source_download_key,fedstat,36730,,Среднегодовая численность трудовых ресурсов (значение показателя за год),https://www.fedstat.ru/indicator/36730,Public; Selenium/direct HTTP fallback; no credentials read,fedstat_checker.py; update.bat fedstat,DAILY 06:00 local in registration wrappers; actual task absent on this machine,2026-09-28: known tasks parser_etl_realty/parser_etl_realty_user/parser_etl not found; external scheduler unknown,downloads/*Среднегодовая численность трудовых ресурсов (значение показателя за год)*.xls* (collector names include source title/date),fedstat_checker.py; no Indicator/parser mapping found,,,Raw download only: normalized processed/mart/UI consumer not found,region x source dimension labels x period; full source-specific key unknown,unknown; validate exact workbook header,annual (source title); publication schedule unknown,Publication time/frequency unknown; filename date/mtime and parse loaded_at do not prove source publication or live freshness,Local code/paths inspected 2026-09-28; no live download or publication-freshness check,Source publication SLA and full source header contract unknown; no registered consumer: downloading is not dashboard coverage
fedstat:58994,source_download_key,fedstat,58994,,"Среднегодовая численность занятых в экономике (расчеты на основе интеграции данных) с 2017 г. (человек, значение показателя за год)",https://www.fedstat.ru/indicator/58994,Public; Selenium/direct HTTP fallback; no credentials read,fedstat_checker.py; update.bat fedstat,DAILY 06:00 local in registration wrappers; actual task absent on this machine,2026-09-28: known tasks parser_etl_realty/parser_etl_realty_user/parser_etl not found; external scheduler unknown,"downloads/*Среднегодовая численность занятых в экономике (расчеты на основе интеграции данных) с 2017 г. (человек, значение показателя за год)*.xls* (collector names include source title/date)",fedstat_checker.py; no Indicator/parser mapping found,,,Raw download only: normalized processed/mart/UI consumer not found,region x source dimension labels x period; full source-specific key unknown,чел (source title; not independent verification),annual (source title); publication schedule unknown,Publication time/frequency unknown; filename date/mtime and parse loaded_at do not prove source publication or live freshness,Local code/paths inspected 2026-09-28; no live download or publication-freshness check,Source publication SLA and full source header contract unknown; no registered consumer: downloading is not dashboard coverage
fedstat:43211,source_download_key,fedstat,43211,,"Среднегодовая численность занятых в экономике (расчеты на основе интеграции данных) по 2016 г. (человек, значение показателя за год)",https://www.fedstat.ru/indicator/43211,Public; Selenium/direct HTTP fallback; no credentials read,fedstat_checker.py; update.bat fedstat,DAILY 06:00 local in registration wrappers; actual task absent on this machine,2026-09-28: known tasks parser_etl_realty/parser_etl_realty_user/parser_etl not found; external scheduler unknown,"downloads/*Среднегодовая численность занятых в экономике (расчеты на основе интеграции данных) по 2016 г. (человек, значение показателя за год)*.xls* (collector names include source title/date)",fedstat_checker.py; no Indicator/parser mapping found,,,Raw download only: normalized processed/mart/UI consumer not found,region x source dimension labels x period; full source-specific key unknown,чел (source title; not independent verification),annual (source title); publication schedule unknown,Publication time/frequency unknown; filename date/mtime and parse loaded_at do not prove source publication or live freshness,Local code/paths inspected 2026-09-28; no live download or publication-freshness check,Source publication SLA and full source header contract unknown; no registered consumer: downloading is not dashboard coverage
fedstat:57824,source_download_key,fedstat,57824,avg_salary,Среднемесячная номинальная начисленная заработная плата работающих в экономике с 2017 г.  (рубль),https://www.fedstat.ru/indicator/57824,Public; Selenium/direct HTTP fallback; no credentials read,fedstat_checker.py; update.bat fedstat,DAILY 06:00 local in registration wrappers; actual task absent on this machine,2026-09-28: known tasks parser_etl_realty/parser_etl_realty_user/parser_etl not found; external scheduler unknown,downloads/*Среднемесячная номинальная начисленная заработная плата работающих в экономике с 2017 г.  (рубль)*.xls* (collector names include source title/date),pipeline/parsers/fedstat_salary.py,data/processed/avg_salary.pkl,,indicator:avg_salary -> corresponding registered_indicator consumers,region x source dimension labels x period; full source-specific key unknown,руб (source title; not independent verification),unknown from title/code; validate source header,Publication time/frequency unknown; filename date/mtime and parse loaded_at do not prove source publication or live freshness,Local code/paths inspected 2026-09-28; no live download or publication-freshness check,Source publication SLA and full source header contract unknown
fedstat:43246,source_download_key,fedstat,43246,avg_salary,Среднемесячная номинальная начисленная заработная плата работающих в экономике по 2016 г. (рубль),https://www.fedstat.ru/indicator/43246,Public; Selenium/direct HTTP fallback; no credentials read,fedstat_checker.py; update.bat fedstat,DAILY 06:00 local in registration wrappers; actual task absent on this machine,2026-09-28: known tasks parser_etl_realty/parser_etl_realty_user/parser_etl not found; external scheduler unknown,downloads/*Среднемесячная номинальная начисленная заработная плата работающих в экономике по 2016 г. (рубль)*.xls* (collector names include source title/date),pipeline/parsers/fedstat_salary.py,data/processed/avg_salary.pkl,,indicator:avg_salary -> corresponding registered_indicator consumers,region x source dimension labels x period; full source-specific key unknown,руб (source title; not independent verification),unknown from title/code; validate source header,Publication time/frequency unknown; filename date/mtime and parse loaded_at do not prove source publication or live freshness,Local code/paths inspected 2026-09-28; no live download or publication-freshness check,Source publication SLA and full source header contract unknown
fedstat:34475,source_download_key,fedstat,34475,,"Инвестиции в основной капитал по полному кругу организаций по 2016 г. (миллион рублей, значение показателя за год)",https://www.fedstat.ru/indicator/34475,Public; Selenium/direct HTTP fallback; no credentials read,fedstat_checker.py; update.bat fedstat,DAILY 06:00 local in registration wrappers; actual task absent on this machine,2026-09-28: known tasks parser_etl_realty/parser_etl_realty_user/parser_etl not found; external scheduler unknown,"downloads/*Инвестиции в основной капитал по полному кругу организаций по 2016 г. (миллион рублей, значение показателя за год)*.xls* (collector names include source title/date)",fedstat_checker.py; no Indicator/parser mapping found,,,Raw download only: normalized processed/mart/UI consumer not found,region x source dimension labels x period; full source-specific key unknown,млн руб (source title; not independent verification),annual (source title); publication schedule unknown,Publication time/frequency unknown; filename date/mtime and parse loaded_at do not prove source publication or live freshness,Local code/paths inspected 2026-09-28; no live download or publication-freshness check,Source publication SLA and full source header contract unknown; no registered consumer: downloading is not dashboard coverage
fedstat:59047,source_download_key,fedstat,59047,,"Инвестиции в основной капитал по полному кругу хозяйствующих субъектов с 2017 г. (тысяча рублей, значение показателя за год)",https://www.fedstat.ru/indicator/59047,Public; Selenium/direct HTTP fallback; no credentials read,fedstat_checker.py; update.bat fedstat,DAILY 06:00 local in registration wrappers; actual task absent on this machine,2026-09-28: known tasks parser_etl_realty/parser_etl_realty_user/parser_etl not found; external scheduler unknown,"downloads/*Инвестиции в основной капитал по полному кругу хозяйствующих субъектов с 2017 г. (тысяча рублей, значение показателя за год)*.xls* (collector names include source title/date)",fedstat_checker.py; no Indicator/parser mapping found,,,Raw download only: normalized processed/mart/UI consumer not found,region x source dimension labels x period; full source-specific key unknown,тыс. руб (source title; not independent verification),annual (source title); publication schedule unknown,Publication time/frequency unknown; filename date/mtime and parse loaded_at do not prove source publication or live freshness,Local code/paths inspected 2026-09-28; no live download or publication-freshness check,Source publication SLA and full source header contract unknown; no registered consumer: downloading is not dashboard coverage
fedstat:36078,source_download_key,fedstat,36078,,Индекс физического объема инвестиций в основной капитал по полному кругу организаций по 2016 г. (процент),https://www.fedstat.ru/indicator/36078,Public; Selenium/direct HTTP fallback; no credentials read,fedstat_checker.py; update.bat fedstat,DAILY 06:00 local in registration wrappers; actual task absent on this machine,2026-09-28: known tasks parser_etl_realty/parser_etl_realty_user/parser_etl not found; external scheduler unknown,downloads/*Индекс физического объема инвестиций в основной капитал по полному кругу организаций по 2016 г. (процент)*.xls* (collector names include source title/date),fedstat_checker.py; no Indicator/parser mapping found,,,Raw download only: normalized processed/mart/UI consumer not found,region x source dimension labels x period; full source-specific key unknown,% (source title; not independent verification),unknown from title/code; validate source header,Publication time/frequency unknown; filename date/mtime and parse loaded_at do not prove source publication or live freshness,Local code/paths inspected 2026-09-28; no live download or publication-freshness check,Source publication SLA and full source header contract unknown; no registered consumer: downloading is not dashboard coverage
fedstat:34129,source_download_key,fedstat,34129,,"Индекс физического объема инвестиций в основной капитал (процент, значение показателя за год)",https://www.fedstat.ru/indicator/34129,Public; Selenium/direct HTTP fallback; no credentials read,fedstat_checker.py; update.bat fedstat,DAILY 06:00 local in registration wrappers; actual task absent on this machine,2026-09-28: known tasks parser_etl_realty/parser_etl_realty_user/parser_etl not found; external scheduler unknown,"downloads/*Индекс физического объема инвестиций в основной капитал (процент, значение показателя за год)*.xls* (collector names include source title/date)",fedstat_checker.py; no Indicator/parser mapping found,,,Raw download only: normalized processed/mart/UI consumer not found,region x source dimension labels x period; full source-specific key unknown,% (source title; not independent verification),annual (source title); publication schedule unknown,Publication time/frequency unknown; filename date/mtime and parse loaded_at do not prove source publication or live freshness,Local code/paths inspected 2026-09-28; no live download or publication-freshness check,Source publication SLA and full source header contract unknown; no registered consumer: downloading is not dashboard coverage
fedstat:58089,source_download_key,fedstat,58089,,Индекс физического объема инвестиций в основной капитал с 2017 г. (оперативные данные) (процент),https://www.fedstat.ru/indicator/58089,Public; Selenium/direct HTTP fallback; no credentials read,fedstat_checker.py; update.bat fedstat,DAILY 06:00 local in registration wrappers; actual task absent on this machine,2026-09-28: known tasks parser_etl_realty/parser_etl_realty_user/parser_etl not found; external scheduler unknown,downloads/*Индекс физического объема инвестиций в основной капитал с 2017 г. (оперативные данные) (процент)*.xls* (collector names include source title/date),fedstat_checker.py; no Indicator/parser mapping found,,,Raw download only: normalized processed/mart/UI consumer not found,region x source dimension labels x period; full source-specific key unknown,% (source title; not independent verification),unknown from title/code; validate source header,Publication time/frequency unknown; filename date/mtime and parse loaded_at do not prove source publication or live freshness,Local code/paths inspected 2026-09-28; no live download or publication-freshness check,Source publication SLA and full source header contract unknown; no registered consumer: downloading is not dashboard coverage
fedstat:34118_часть1,source_download_key,fedstat,34118_часть1,,Введено в действие общей площади жилых домов часть1 (2015-2022),https://www.fedstat.ru/indicator/34118,Public; Selenium/direct HTTP fallback; no credentials read,fedstat_checker.py; update.bat fedstat; scripts/download_fedstat_34118.py; scripts/import_fedstat_34118_manual.py,DAILY 06:00 local in registration wrappers; actual task absent on this machine,2026-09-28: known tasks parser_etl_realty/parser_etl_realty_user/parser_etl not found; external scheduler unknown,downloads/*Введено в действие общей площади жилых домов часть1 (2015-2022)*.xls* (collector names include source title/date),pipeline/data_access.py: load_emiss_34118/load_emiss_34118_periods,,data/marts/realty/emiss_34118.pkl,app/pages/8_Ввод_недвижимости.py,region x year/month/quarter/period_type x housing category МКД/ИЖС,source area converted to млн м² by UI loader,annual/month/quarter/YTD depending on source labels; parts 2015-2022 and 2023+,Publication time/frequency unknown; filename date/mtime and parse loaded_at do not prove source publication or live freshness,Local code/paths inspected 2026-09-28; no live download or publication-freshness check,"Source publication SLA and full source header contract unknown; manual filename uses mtime, not publication date"
fedstat:34118_часть2,source_download_key,fedstat,34118_часть2,,Введено в действие общей площади жилых домов часть2 (с 2023),https://www.fedstat.ru/indicator/34118,Public; Selenium/direct HTTP fallback; no credentials read,fedstat_checker.py; update.bat fedstat; scripts/download_fedstat_34118.py; scripts/import_fedstat_34118_manual.py,DAILY 06:00 local in registration wrappers; actual task absent on this machine,2026-09-28: known tasks parser_etl_realty/parser_etl_realty_user/parser_etl not found; external scheduler unknown,downloads/*Введено в действие общей площади жилых домов часть2 (с 2023)*.xls* (collector names include source title/date),pipeline/data_access.py: load_emiss_34118/load_emiss_34118_periods,,data/marts/realty/emiss_34118.pkl,app/pages/8_Ввод_недвижимости.py,region x year/month/quarter/period_type x housing category МКД/ИЖС,source area converted to млн м² by UI loader,annual/month/quarter/YTD depending on source labels; parts 2015-2022 and 2023+,Publication time/frequency unknown; filename date/mtime and parse loaded_at do not prove source publication or live freshness,Local code/paths inspected 2026-09-28; no live download or publication-freshness check,"Source publication SLA and full source header contract unknown; manual filename uses mtime, not publication date"
fedstat:33575,source_download_key,fedstat,33575,,"Введено в действие общей площади жилых домов, построенных населением (оперативные данные) (тысяча квадратных метров общей площади)",https://www.fedstat.ru/indicator/33575,Public; Selenium/direct HTTP fallback; no credentials read,fedstat_checker.py; update.bat fedstat,DAILY 06:00 local in registration wrappers; actual task absent on this machine,2026-09-28: known tasks parser_etl_realty/parser_etl_realty_user/parser_etl not found; external scheduler unknown,"downloads/*Введено в действие общей площади жилых домов, построенных населением (оперативные данные) (тысяча квадратных метров общей площади)*.xls* (collector names include source title/date)",fedstat_checker.py; no Indicator/parser mapping found,,,Raw download only: normalized processed/mart/UI consumer not found,region x source dimension labels x period; full source-specific key unknown,тыс. м² (source title; not independent verification),unknown from title/code; validate source header,Publication time/frequency unknown; filename date/mtime and parse loaded_at do not prove source publication or live freshness,Local code/paths inspected 2026-09-28; no live download or publication-freshness check,Source publication SLA and full source header contract unknown; no registered consumer: downloading is not dashboard coverage
fedstat:33574,source_download_key,fedstat,33574,,"Введено в действие общей площади жилых домов на 1000 человек населения (квадратный метр, значение показателя за год)",https://www.fedstat.ru/indicator/33574,Public; Selenium/direct HTTP fallback; no credentials read,fedstat_checker.py; update.bat fedstat,DAILY 06:00 local in registration wrappers; actual task absent on this machine,2026-09-28: known tasks parser_etl_realty/parser_etl_realty_user/parser_etl not found; external scheduler unknown,"downloads/*Введено в действие общей площади жилых домов на 1000 человек населения (квадратный метр, значение показателя за год)*.xls* (collector names include source title/date)",fedstat_checker.py; no Indicator/parser mapping found,,,Raw download only: normalized processed/mart/UI consumer not found,region x source dimension labels x period; full source-specific key unknown,м² (source title; not independent verification),annual (source title); publication schedule unknown,Publication time/frequency unknown; filename date/mtime and parse loaded_at do not prove source publication or live freshness,Local code/paths inspected 2026-09-28; no live download or publication-freshness check,Source publication SLA and full source header contract unknown; no registered consumer: downloading is not dashboard coverage
fedstat:33738,source_download_key,fedstat,33738,,Количество построенных квартир (значение показателя за год),https://www.fedstat.ru/indicator/33738,Public; Selenium/direct HTTP fallback; no credentials read,fedstat_checker.py; update.bat fedstat,DAILY 06:00 local in registration wrappers; actual task absent on this machine,2026-09-28: known tasks parser_etl_realty/parser_etl_realty_user/parser_etl not found; external scheduler unknown,downloads/*Количество построенных квартир (значение показателя за год)*.xls* (collector names include source title/date),fedstat_checker.py; no Indicator/parser mapping found,,,Raw download only: normalized processed/mart/UI consumer not found,region x source dimension labels x period; full source-specific key unknown,unknown; validate exact workbook header,annual (source title); publication schedule unknown,Publication time/frequency unknown; filename date/mtime and parse loaded_at do not prove source publication or live freshness,Local code/paths inspected 2026-09-28; no live download or publication-freshness check,Source publication SLA and full source header contract unknown; no registered consumer: downloading is not dashboard coverage
fedstat:40466,source_download_key,fedstat,40466,,"Общая площадь жилых помещений, приходящаяся в среднем на одного жителя (квадратный метр, значение показателя за год)",https://www.fedstat.ru/indicator/40466,Public; Selenium/direct HTTP fallback; no credentials read,fedstat_checker.py; update.bat fedstat,DAILY 06:00 local in registration wrappers; actual task absent on this machine,2026-09-28: known tasks parser_etl_realty/parser_etl_realty_user/parser_etl not found; external scheduler unknown,"downloads/*Общая площадь жилых помещений, приходящаяся в среднем на одного жителя (квадратный метр, значение показателя за год)*.xls* (collector names include source title/date)",fedstat_checker.py; no Indicator/parser mapping found,,,Raw download only: normalized processed/mart/UI consumer not found,region x source dimension labels x period; full source-specific key unknown,м² (source title; not independent verification),annual (source title); publication schedule unknown,Publication time/frequency unknown; filename date/mtime and parse loaded_at do not prove source publication or live freshness,Local code/paths inspected 2026-09-28; no live download or publication-freshness check,Source publication SLA and full source header contract unknown; no registered consumer: downloading is not dashboard coverage
fedstat:31074_часть1,source_download_key,fedstat,31074_часть1,ipc,Индексы потребительских цен на товары и услуги часть1 (процент),https://www.fedstat.ru/indicator/31074,Public; Selenium/direct HTTP fallback; no credentials read,fedstat_checker.py; update.bat fedstat,DAILY 06:00 local in registration wrappers; actual task absent on this machine,2026-09-28: known tasks parser_etl_realty/parser_etl_realty_user/parser_etl not found; external scheduler unknown,downloads/*Индексы потребительских цен на товары и услуги часть1 (процент)*.xls* (collector names include source title/date),pipeline/parsers/fedstat_ipc.py,data/processed/ipc.pkl,,indicator:ipc -> corresponding registered_indicator consumers,region x source dimension labels x period; full source-specific key unknown,% (source title; not independent verification),unknown from title/code; validate source header,Publication time/frequency unknown; filename date/mtime and parse loaded_at do not prove source publication or live freshness,Local code/paths inspected 2026-09-28; no live download or publication-freshness check,Source publication SLA and full source header contract unknown
fedstat:31074_часть2,source_download_key,fedstat,31074_часть2,ipc,Индексы потребительских цен на товары и услуги часть2 (процент),https://www.fedstat.ru/indicator/31074,Public; Selenium/direct HTTP fallback; no credentials read,fedstat_checker.py; update.bat fedstat,DAILY 06:00 local in registration wrappers; actual task absent on this machine,2026-09-28: known tasks parser_etl_realty/parser_etl_realty_user/parser_etl not found; external scheduler unknown,downloads/*Индексы потребительских цен на товары и услуги часть2 (процент)*.xls* (collector names include source title/date),pipeline/parsers/fedstat_ipc.py,data/processed/ipc.pkl,,indicator:ipc -> corresponding registered_indicator consumers,region x source dimension labels x period; full source-specific key unknown,% (source title; not independent verification),unknown from title/code; validate source header,Publication time/frequency unknown; filename date/mtime and parse loaded_at do not prove source publication or live freshness,Local code/paths inspected 2026-09-28; no live download or publication-freshness check,Source publication SLA and full source header contract unknown
fedstat:31452,source_download_key,fedstat,31452,,Средняя цена 1 кв. м  общей площади квартир на рынке жилья  (рубль),https://www.fedstat.ru/indicator/31452,Public; Selenium/direct HTTP fallback; no credentials read,fedstat_checker.py; update.bat fedstat,DAILY 06:00 local in registration wrappers; actual task absent on this machine,2026-09-28: known tasks parser_etl_realty/parser_etl_realty_user/parser_etl not found; external scheduler unknown,downloads/*Средняя цена 1 кв. м  общей площади квартир на рынке жилья  (рубль)*.xls* (collector names include source title/date),fedstat_checker.py; no Indicator/parser mapping found,,,Raw download only: normalized processed/mart/UI consumer not found,region x source dimension labels x period; full source-specific key unknown,руб (source title; not independent verification),unknown from title/code; validate source header,Publication time/frequency unknown; filename date/mtime and parse loaded_at do not prove source publication or live freshness,Local code/paths inspected 2026-09-28; no live download or publication-freshness check,Source publication SLA and full source header contract unknown; no registered consumer: downloading is not dashboard coverage
fedstat:31448,source_download_key,fedstat,31448,,Средние потребительские цены (тарифы) на товары и услуги (рубль),https://www.fedstat.ru/indicator/31448,Public; Selenium/direct HTTP fallback; no credentials read,fedstat_checker.py; update.bat fedstat,DAILY 06:00 local in registration wrappers; actual task absent on this machine,2026-09-28: known tasks parser_etl_realty/parser_etl_realty_user/parser_etl not found; external scheduler unknown,downloads/*Средние потребительские цены (тарифы) на товары и услуги (рубль)*.xls* (collector names include source title/date),fedstat_checker.py; no Indicator/parser mapping found,,,Raw download only: normalized processed/mart/UI consumer not found,region x source dimension labels x period; full source-specific key unknown,руб (source title; not independent verification),unknown from title/code; validate source header,Publication time/frequency unknown; filename date/mtime and parse loaded_at do not prove source publication or live freshness,Local code/paths inspected 2026-09-28; no live download or publication-freshness check,Source publication SLA and full source header contract unknown; no registered consumer: downloading is not dashboard coverage
nashdom:kvart_per_dev,manual_or_auxiliary_flow,nashdom,kvartirografia,,Квартирография: отдельный per-dev обход,https://наш.дом.рф/аналитика/квартирография,Selenium DOM,update.bat kvart; options --skip-kvart-per-dev / --weekly-kvart-per-dev,Scheduled wrapper includes per-dev every run; weekly only when CLI flag explicitly supplied,2026-09-28: known tasks parser_etl_realty/parser_etl_realty_user/parser_etl not found; external scheduler unknown,data/raw/realty/nashdom/kvartirografia_*.json;kvartirografia_*.xlsx,nashdom_checker.py; pipeline/data_access.py:load_kvartirografia,,data/marts/realty/kvartirografia.pkl,app/pages/5_Квартирография_по_девелоперу.py; app/pages/7_Профиль_застройщика.py,snapshot x region x developer x apartment type/area range,шт; тыс. шт; тыс. м²; %,snapshot,Publication time/frequency unknown; filename date/mtime and parse loaded_at do not prove source publication or live freshness,Local code/paths inspected 2026-09-28; no live download or publication-freshness check,Four-sheet ETL parser does not establish complete per-dev equivalence; live completion/resume coverage pending
manual:vvod_msk,manual_or_auxiliary_flow,manual,,,Статичный ввод Москвы,unknown: original workbook publication/export link not recorded here,Local manual workbook,Manual replacement; scripts/build_realty_marts.bat,Manual/on demand; no separate scheduler found in wrappers,Execution/freshness history unknown,data/raw/realty/vvod/vvod.xlsx; legacy vvod/vvod.xlsx,pipeline/data_access.py:load_vvod_static,,data/marts/realty/vvod_static.pkl,app/pages/8_Ввод_недвижимости.py,Moscow x year x residential/nonresidential/category,млн м² in loader,annual historical reference,Publication time/frequency unknown; filename date/mtime and parse loaded_at do not prove source publication or live freshness,Local code/paths inspected 2026-09-28; no live download or publication-freshness check,"Authoritative original URL, correction history and refresh owner unknown"
manual:vvod_rf,manual_or_auxiliary_flow,manual,,,Статичный ввод РФ,unknown: original Rosstat workbook URL not retained in loader,Local manual workbook,Manual replacement; scripts/build_realty_marts.bat,Manual/on demand; no separate scheduler found in wrappers,Execution/freshness history unknown,data/raw/realty/vvod/Stroi_111_2025.xls; legacy vvod/Stroi_111_2025.xls,pipeline/data_access.py:load_vvod_static,,data/marts/realty/vvod_static.pkl,app/pages/8_Ввод_недвижимости.py,RF x year x residential/nonresidential/total,млн м² in loader,annual; loader currently selects 2011-2025,Publication time/frequency unknown; filename date/mtime and parse loaded_at do not prove source publication or live freshness,Local code/paths inspected 2026-09-28; no live download or publication-freshness check,Fixed 2025 filename/year boundary; original source and next refresh unverified
manual:emiss_34118_base,manual_or_auxiliary_flow,fedstat_manual,34118,,Статичная база ЕМИСС 34118,https://www.fedstat.ru/indicator/34118,Manual base; live exports take precedence for matching years,Manual placement; scripts/build_realty_marts.bat,Manual/on demand; no separate scheduler found in wrappers,Execution/freshness history unknown,data/raw/realty/vvod/emiss_34118_base.xls;data/raw/realty/vvod/34118_filter.txt,pipeline/data_access.py:load_emiss_34118/load_emiss_34118_periods,,data/marts/realty/emiss_34118.pkl,app/pages/8_Ввод_недвижимости.py,region x year x housing category; periods loader adds month/quarter/type,млн м² after conversion,annual base plus live labelled periods,Publication time/frequency unknown; filename date/mtime and parse loaded_at do not prove source publication or live freshness,Local code/paths inspected 2026-09-28; no live download or publication-freshness check,Base publication date unknown; do not equate manual/static data with daily refreshed source
manual:fedstat_34118_import,manual_or_auxiliary_flow,fedstat_manual,34118_часть1;34118_часть2,,Импорт двух ручных выгрузок 34118,https://www.fedstat.ru/indicator/34118,User downloads manually when automation blocked,python scripts/import_fedstat_34118_manual.py [files],Manual/on demand; no separate scheduler found in wrappers,Execution/freshness history unknown,User-selected files or user Downloads; writes project downloads/*manual_34118_*.xls*,scripts/import_fedstat_34118_manual.py; fedstat_checker validation helpers,,data/marts/realty/emiss_34118.pkl after rebuild,load_emiss_34118/load_emiss_34118_periods -> page 8 Ввод,same as fedstat:34118 parts,source units; UI conversion to млн м²,part1 2015-2022; part2 2023+,Publication time/frequency unknown; filename date/mtime and parse loaded_at do not prove source publication or live freshness,Local code/paths inspected 2026-09-28; no live download or publication-freshness check,"Copy preserves metadata; date in target filename is input mtime, not source publication"
manual:salary_2011_2012,manual_or_auxiliary_flow,manual,,avg_salary,Ручное дополнение зарплаты 2011-2012,unknown: original manual evidence must be documented,Local CSV,Manual CSV edit; no ETL writer found,Manual/on demand; no separate scheduler found in wrappers,Execution/freshness history unknown,data/derived/salary_2011_2012.csv,pipeline/data_access.py:_load_derived/load_salary,,,app/Home.py; app/pages/1_Заработная_плата.py,region x industry/view x year x metric,руб/units column,annual 2011-2012,Publication time/frequency unknown; filename date/mtime and parse loaded_at do not prove source publication or live freshness,Local code/paths inspected 2026-09-28; no live download or publication-freshness check,"Source evidence, preparation method and revisions not independently verified"
derived:vds_msk_value_2011_2015,manual_or_auxiliary_flow,derived,vrp_msk;vrp_okved2007,vds_msk_value_legacy,Расчёт ВДС: ВРП Москвы × отраслевые доли,,,python scripts/build_msk_vds_value_2011_2015.py,Manual/on demand; no separate scheduler found in wrappers,Execution/freshness history unknown,data/processed/vrp_msk.pkl;data/processed/vds_msk_legacy.pkl,scripts/build_msk_vds_value_2011_2015.py; pipeline/data_access.py:load_national_accounts,data/derived/vds_msk_value_2011_2015.csv,,app/pages/3_ВРП_и_ВВП.py,Moscow x OKVED2007 industry/view x year,млн руб; value=VRP_mln_rub*share_pct/100 rounded 3 decimals,annual 2011-2015,Publication time/frequency unknown; filename date/mtime and parse loaded_at do not prove source publication or live freshness,Local code/paths inspected 2026-09-28; no live download or publication-freshness check,"Derived estimate, not direct independent source series; manual rerun after source revisions"
geocode:yandex,manual_or_auxiliary_flow,geocoding,,,Координаты yandex,https://geocode-maps.yandex.ru/v1/,API key from environment/config/geocoder.local.json; value not read,scripts/build_monitoring_geocodes.py --provider yandex / scripts/run_monitoring_geocoding_yandex.ps1,Manual/on demand; no separate scheduler found in wrappers,Execution/freshness history unknown,monitoring objects/addresses; data/derived/monitoring_geocodes.csv,scripts/build_monitoring_geocodes.py; app/realty_map.py,data/derived/monitoring_geocodes.csv,,app/pages/9_Карта_объектов.py; monitoring_map_addresses.csv; monitoring_map_unique_addresses.csv,normalized address/object match x coordinate result,latitude/longitude degrees; accuracy metadata not universal,"on demand enrichment, not statistical time series",Publication time/frequency unknown; filename date/mtime and parse loaded_at do not prove source publication or live freshness,Local code/paths inspected 2026-09-28; no live download or publication-freshness check,Geocoder result is not proof of exact object coordinates; external rate/usage constraints and accuracy validation pending
geocode:nominatim,manual_or_auxiliary_flow,geocoding,,,Координаты nominatim,https://nominatim.openstreetmap.org/search,Public HTTP; collector User-Agent and request spacing,scripts/build_monitoring_geocodes.py --provider nominatim,Manual/on demand; no separate scheduler found in wrappers,Execution/freshness history unknown,monitoring objects/addresses; data/derived/monitoring_geocodes.csv,scripts/build_monitoring_geocodes.py; app/realty_map.py,data/derived/monitoring_geocodes.csv,,app/pages/9_Карта_объектов.py; monitoring_map_addresses.csv; monitoring_map_unique_addresses.csv,normalized address/object match x coordinate result,latitude/longitude degrees; accuracy metadata not universal,"on demand enrichment, not statistical time series",Publication time/frequency unknown; filename date/mtime and parse loaded_at do not prove source publication or live freshness,Local code/paths inspected 2026-09-28; no live download or publication-freshness check,Geocoder result is not proof of exact object coordinates; external rate/usage constraints and accuracy validation pending
geocode:manual_import,manual_or_auxiliary_flow,geocoding,,,Ручной импорт координат CSV/XLSX,,User-supplied local file,scripts/build_monitoring_geocodes.py,Manual/on demand; no separate scheduler found in wrappers,Execution/freshness history unknown,User CSV with address/address_key+lat/lon; XLSX selected exact-coordinate rows,scripts/build_monitoring_geocodes.py --import-csv / --import-manual-xlsx; app/realty_map.py,data/derived/monitoring_geocodes.csv,,app/pages/9_Карта_объектов.py,address/object matching x coordinate pair,latitude/longitude degrees,manual enrichment,Publication time/frequency unknown; filename date/mtime and parse loaded_at do not prove source publication or live freshness,Local code/paths inspected 2026-09-28; no live download or publication-freshness check,manual_exact priority does not independently prove correctness; evidence and ambiguity checks pending
geocode:geometry_and_centroids,manual_or_auxiliary_flow,geocoding,,,Локальная геометрия и резервные центроиды,,No external request for local geometry/centroid path,app/realty_map.py:load_monitoring_map_objects,Manual/on demand; no separate scheduler found in wrappers,Execution/freshness history unknown,monitoring raw geometry; territorial centroid dictionaries in app/realty_map.py,app/realty_map.py:apply_local_geometry/apply_area_centroids,,,app/pages/9_Карта_объектов.py,object/territory x coordinate pair,latitude/longitude degrees,derived per current monitoring snapshot,Publication time/frequency unknown; filename date/mtime and parse loaded_at do not prove source publication or live freshness,Local code/paths inspected 2026-09-28; no live download or publication-freshness check,Centroid is approximate territory location; keep coordinate source priority and visible accuracy distinction
legacy:domrf_apartments,legacy_unconnected,domrf_legacy,,,Сведения о реализации квартир в строящихся домах,https://xn--80az8a.xn--d1aqf.xn--p1ai/аналитика/статистические_ряды,Selenium/headless per file; current access unverified,python cloud/domrf.py,Manual/on demand; no separate scheduler found in wrappers,Execution/freshness history unknown,downloads (relative to launch cwd); domrf_state.json,cloud/domrf.py,,,No registry/mart/UI/main-runner consumer found,unknown: source workbook contract not mapped,unknown,unknown publication cadence; collector compares date displayed on source page,Publication time/frequency unknown; filename date/mtime and parse loaded_at do not prove source publication or live freshness,Local code/paths inspected 2026-09-28; no live download or publication-freshness check,"Code exists, active execution unknown; not counted as current main pipeline coverage"
legacy:domrf_nonresidential,legacy_unconnected,domrf_legacy,,,Сведения о реализации нежилых помещений в строящихся домах,https://xn--80az8a.xn--d1aqf.xn--p1ai/аналитика/статистические_ряды,Selenium/headless per file; current access unverified,python cloud/domrf.py,Manual/on demand; no separate scheduler found in wrappers,Execution/freshness history unknown,downloads (relative to launch cwd); domrf_state.json,cloud/domrf.py,,,No registry/mart/UI/main-runner consumer found,unknown: source workbook contract not mapped,unknown,unknown publication cadence; collector compares date displayed on source page,Publication time/frequency unknown; filename date/mtime and parse loaded_at do not prove source publication or live freshness,Local code/paths inspected 2026-09-28; no live download or publication-freshness check,"Code exists, active execution unknown; not counted as current main pipeline coverage"
local:rebuild_all_processed,manual_operation,local_etl,,,Ручная пересборка всех зарегистрированных обработчиков,,Local files; configured notifier can still send externally,scripts/manual_ingest.py; pipeline/run_etl.py; pipeline/orchestrator.py --skip-download,Manual/on demand; no separate scheduler found in wrappers,Execution/freshness history unknown,downloads; data/raw/realty via registry file_patterns,pipeline/orchestrator.py:run_all(download=False),data/processed/<indicator_id>.pkl;data/processed/etl_audit.jsonl,,Statistical UI; separate realty processed outputs; audit log,inherits 15 registered indicator contracts,inherits metric units,no polling; reparses local inputs,Publication time/frequency unknown; filename date/mtime and parse loaded_at do not prove source publication or live freshness,Local code/paths inspected 2026-09-28; no live download or publication-freshness check,skip-download does not mean no writes/no notifications; not a safe baseline command without isolation
